============================= test session starts ==============================
platform darwin -- Python 3.14.7, pytest-9.0.1, pluggy-1.6.0
rootdir: /Volumes/GitVault/Username/docxology/Public/ento_linguistics
configfile: pyproject.toml
plugins: xdist-3.8.0, pytest_httpserver-1.1.3, cov-7.0.0
collected 1812 items

tests/integration/test_example_figure.py ...........                     [  0%]
tests/integration/test_full_pipeline.py ......                           [  0%]
tests/integration/test_generate_research_figures.py ...........          [  1%]
tests/integration/test_integration_pipeline.py ssssssss                  [  1%]
tests/test_artifact_integrity.py ........                                [  2%]
tests/test_arxiv_analysis.py ............                                [  3%]
tests/test_arxiv_corpus.py .......EEE.....EEEEE.                         [  4%]
tests/test_bhl_analysis.py .................................             [  6%]
tests/test_bhl_checkpoints.py .......                                    [  6%]
tests/test_bhl_corpus.py ...........................................EEEE [  9%]
EEEEEE..                                                                 [  9%]
tests/test_cace_scoring.py ............................................. [ 11%]
........................................................................ [ 15%]
.......................................................................  [ 19%]
tests/test_concept_visualization.py .................................... [ 21%]
................................                                         [ 23%]
tests/test_conceptual_mapping.py ....................................... [ 25%]
......................................                                   [ 27%]
tests/test_conceptual_mapping_pipeline.py ..............                 [ 28%]
tests/test_corpus_build.py ..EE...EEEE                                   [ 29%]
tests/test_data_generator.py ................                            [ 30%]
tests/test_data_processing.py .......................................... [ 32%]
..                                                                       [ 32%]
tests/test_discourse_analysis.py ....................................... [ 34%]
..........                                                               [ 35%]
tests/test_discourse_patterns.py .......................                 [ 36%]
tests/test_discourse_pipeline.py .........                               [ 37%]
tests/test_domain_analysis.py .................................          [ 38%]
tests/test_domain_analysis_pipeline.py ..............                    [ 39%]
tests/test_domain_figures.py .................................           [ 41%]
tests/test_exceptions.py .............                                   [ 42%]
tests/test_figure_manager.py ........................                    [ 43%]
tests/test_fulltext_pipeline.py ...................                      [ 44%]
tests/test_literature_mining.py .............EEEE......EEE.......EE..... [ 46%]
.E.......E...........E....EEEEE.E..EEE                                   [ 48%]
tests/test_literature_pipeline.py ...EEEE.EE.E.EE                        [ 49%]
tests/test_loader.py ................                                    [ 50%]
tests/test_logging.py ............................                       [ 52%]
tests/test_manuscript_figures.py ..........................              [ 53%]
tests/test_manuscript_preflight.py ..................                    [ 54%]
tests/test_manuscript_variables.py ..................................... [ 56%]
..                                                                       [ 56%]
tests/test_metrics.py .............................................      [ 59%]
tests/test_network_robustness_extension.py ............................. [ 60%]
.                                                                        [ 60%]
tests/test_nltk_resources.py ........                                    [ 61%]
tests/test_openalex_enrichment.py .EEE..EEEEEE.                          [ 61%]
tests/test_package_imports.py ........                                   [ 62%]
tests/test_parameters.py ............................                    [ 63%]
tests/test_performance.py ..................................             [ 65%]
tests/test_persuasive_analysis.py .....................................  [ 67%]
tests/test_pipeline_init.py ......                                       [ 68%]
tests/test_plots.py .......................................              [ 70%]
tests/test_pmc_fulltext.py ...................EEEE.........EEEE          [ 72%]
tests/test_provenance.py .......                                         [ 72%]
tests/test_quality_report.py ........                                    [ 73%]
tests/test_rendering.py ....................                             [ 74%]
tests/test_reporting.py ........................................         [ 76%]
tests/test_review_controls.py ....................                       [ 77%]
tests/test_rhetorical_analysis.py ............................           [ 79%]
tests/test_semantic_entropy.py ....................                      [ 80%]
tests/test_simulation.py .................................               [ 82%]
tests/test_statistical_analysis_figure.py .....FFFFFF............        [ 83%]
tests/test_statistical_visualization.py ................................ [ 85%]
........................................                                 [ 87%]
tests/test_statistics.py ............................................... [ 89%]
............                                                             [ 90%]
tests/test_statistics_pipeline.py ....................................   [ 92%]
tests/test_term_extraction.py .......................................... [ 94%]
............                                                             [ 95%]
tests/test_text_analysis.py .....................                        [ 96%]
tests/test_validation.py ................................                [ 98%]
tests/test_visualization.py ............................
ERROR: Coverage failure: total of 83.74 is less than fail-under=90.00
                                                                         [100%]

==================================== ERRORS ====================================
_ ERROR at setup of TestEnrichedArXivMiner.test_search_full_parses_arxiv_fields _
.venv/lib/python3.14/site-packages/werkzeug/serving.py:759: in __init__
    self.server_bind()
/Users/4d/.local/share/uv/python/cpython-3.14.7-macos-aarch64-none/lib/python3.14/http/server.py:148: in server_bind
    socketserver.TCPServer.server_bind(self)
/Users/4d/.local/share/uv/python/cpython-3.14.7-macos-aarch64-none/lib/python3.14/socketserver.py:478: in server_bind
    self.socket.bind(self.server_address)
E   PermissionError: [Errno 1] Operation not permitted

During handling of the above exception, another exception occurred:
.venv/lib/python3.14/site-packages/pytest_httpserver/pytest_plugin.py:50: in make_httpserver
    server.start()
.venv/lib/python3.14/site-packages/pytest_httpserver/httpserver.py:764: in start
    self.server = make_server(
.venv/lib/python3.14/site-packages/werkzeug/serving.py:946: in make_server
    return BaseWSGIServer(
.venv/lib/python3.14/site-packages/werkzeug/serving.py:782: in __init__
    sys.exit(1)
E   SystemExit: 1
---------------------------- Captured stderr setup -----------------------------
Operation not permitted
_______ ERROR at setup of TestEnrichedArXivMiner.test_category_fallback ________
.venv/lib/python3.14/site-packages/werkzeug/serving.py:759: in __init__
    self.server_bind()
/Users/4d/.local/share/uv/python/cpython-3.14.7-macos-aarch64-none/lib/python3.14/http/server.py:148: in server_bind
    socketserver.TCPServer.server_bind(self)
/Users/4d/.local/share/uv/python/cpython-3.14.7-macos-aarch64-none/lib/python3.14/socketserver.py:478: in server_bind
    self.socket.bind(self.server_address)
E   PermissionError: [Errno 1] Operation not permitted

During handling of the above exception, another exception occurred:
.venv/lib/python3.14/site-packages/pytest_httpserver/pytest_plugin.py:50: in make_httpserver
    server.start()
.venv/lib/python3.14/site-packages/pytest_httpserver/httpserver.py:764: in start
    self.server = make_server(
.venv/lib/python3.14/site-packages/werkzeug/serving.py:946: in make_server
    return BaseWSGIServer(
.venv/lib/python3.14/site-packages/werkzeug/serving.py:782: in __init__
    sys.exit(1)
E   SystemExit: 1
---------------------------- Captured stderr setup -----------------------------
Operation not permitted
______ ERROR at setup of TestEnrichedArXivMiner.test_error_returns_empty _______
.venv/lib/python3.14/site-packages/werkzeug/serving.py:759: in __init__
    self.server_bind()
/Users/4d/.local/share/uv/python/cpython-3.14.7-macos-aarch64-none/lib/python3.14/http/server.py:148: in server_bind
    socketserver.TCPServer.server_bind(self)
/Users/4d/.local/share/uv/python/cpython-3.14.7-macos-aarch64-none/lib/python3.14/socketserver.py:478: in server_bind
    self.socket.bind(self.server_address)
E   PermissionError: [Errno 1] Operation not permitted

During handling of the above exception, another exception occurred:
.venv/lib/python3.14/site-packages/pytest_httpserver/pytest_plugin.py:50: in make_httpserver
    server.start()
.venv/lib/python3.14/site-packages/pytest_httpserver/httpserver.py:764: in start
    self.server = make_server(
.venv/lib/python3.14/site-packages/werkzeug/serving.py:946: in make_server
    return BaseWSGIServer(
.venv/lib/python3.14/site-packages/werkzeug/serving.py:782: in __init__
    sys.exit(1)
E   SystemExit: 1
---------------------------- Captured stderr setup -----------------------------
Operation not permitted
___ ERROR at setup of TestHarvest.test_harvest_writes_records_and_provenance ___
.venv/lib/python3.14/site-packages/werkzeug/serving.py:759: in __init__
    self.server_bind()
/Users/4d/.local/share/uv/python/cpython-3.14.7-macos-aarch64-none/lib/python3.14/http/server.py:148: in server_bind
    socketserver.TCPServer.server_bind(self)
/Users/4d/.local/share/uv/python/cpython-3.14.7-macos-aarch64-none/lib/python3.14/socketserver.py:478: in server_bind
    self.socket.bind(self.server_address)
E   PermissionError: [Errno 1] Operation not permitted

During handling of the above exception, another exception occurred:
.venv/lib/python3.14/site-packages/pytest_httpserver/pytest_plugin.py:50: in make_httpserver
    server.start()
.venv/lib/python3.14/site-packages/pytest_httpserver/httpserver.py:764: in start
    self.server = make_server(
.venv/lib/python3.14/site-packages/werkzeug/serving.py:946: in make_server
    return BaseWSGIServer(
.venv/lib/python3.14/site-packages/werkzeug/serving.py:782: in __init__
    sys.exit(1)
E   SystemExit: 1
---------------------------- Captured stderr setup -----------------------------
Operation not permitted
________ ERROR at setup of TestHarvest.test_harvest_dedupes_internally _________
.venv/lib/python3.14/site-packages/werkzeug/serving.py:759: in __init__
    self.server_bind()
/Users/4d/.local/share/uv/python/cpython-3.14.7-macos-aarch64-none/lib/python3.14/http/server.py:148: in server_bind
    socketserver.TCPServer.server_bind(self)
/Users/4d/.local/share/uv/python/cpython-3.14.7-macos-aarch64-none/lib/python3.14/socketserver.py:478: in server_bind
    self.socket.bind(self.server_address)
E   PermissionError: [Errno 1] Operation not permitted

During handling of the above exception, another exception occurred:
.venv/lib/python3.14/site-packages/pytest_httpserver/pytest_plugin.py:50: in make_httpserver
    server.start()
.venv/lib/python3.14/site-packages/pytest_httpserver/httpserver.py:764: in start
    self.server = make_server(
.venv/lib/python3.14/site-packages/werkzeug/serving.py:946: in make_server
    return BaseWSGIServer(
.venv/lib/python3.14/site-packages/werkzeug/serving.py:782: in __init__
    sys.exit(1)
E   SystemExit: 1
---------------------------- Captured stderr setup -----------------------------
Operation not permitted
_____________ ERROR at setup of TestHarvest.test_harvest_resumable _____________
.venv/lib/python3.14/site-packages/werkzeug/serving.py:759: in __init__
    self.server_bind()
/Users/4d/.local/share/uv/python/cpython-3.14.7-macos-aarch64-none/lib/python3.14/http/server.py:148: in server_bind
    socketserver.TCPServer.server_bind(self)
/Users/4d/.local/share/uv/python/cpython-3.14.7-macos-aarch64-none/lib/python3.14/socketserver.py:478: in server_bind
    self.socket.bind(self.server_address)
E   PermissionError: [Errno 1] Operation not permitted

During handling of the above exception, another exception occurred:
.venv/lib/python3.14/site-packages/pytest_httpserver/pytest_plugin.py:50: in make_httpserver
    server.start()
.venv/lib/python3.14/site-packages/pytest_httpserver/httpserver.py:764: in start
    self.server = make_server(
.venv/lib/python3.14/site-packages/werkzeug/serving.py:946: in make_server
    return BaseWSGIServer(
.venv/lib/python3.14/site-packages/werkzeug/serving.py:782: in __init__
    sys.exit(1)
E   SystemExit: 1
---------------------------- Captured stderr setup -----------------------------
Operation not permitted
______ ERROR at setup of TestHarvest.test_harvest_dry_run_writes_nothing _______
.venv/lib/python3.14/site-packages/werkzeug/serving.py:759: in __init__
    self.server_bind()
/Users/4d/.local/share/uv/python/cpython-3.14.7-macos-aarch64-none/lib/python3.14/http/server.py:148: in server_bind
    socketserver.TCPServer.server_bind(self)
/Users/4d/.local/share/uv/python/cpython-3.14.7-macos-aarch64-none/lib/python3.14/socketserver.py:478: in server_bind
    self.socket.bind(self.server_address)
E   PermissionError: [Errno 1] Operation not permitted

During handling of the above exception, another exception occurred:
.venv/lib/python3.14/site-packages/pytest_httpserver/pytest_plugin.py:50: in make_httpserver
    server.start()
.venv/lib/python3.14/site-packages/pytest_httpserver/httpserver.py:764: in start
    self.server = make_server(
.venv/lib/python3.14/site-packages/werkzeug/serving.py:946: in make_server
    return BaseWSGIServer(
.venv/lib/python3.14/site-packages/werkzeug/serving.py:782: in __init__
    sys.exit(1)
E   SystemExit: 1
---------------------------- Captured stderr setup -----------------------------
Operation not permitted
____________ ERROR at setup of TestHarvest.test_harvest_target_cap _____________
.venv/lib/python3.14/site-packages/werkzeug/serving.py:759: in __init__
    self.server_bind()
/Users/4d/.local/share/uv/python/cpython-3.14.7-macos-aarch64-none/lib/python3.14/http/server.py:148: in server_bind
    socketserver.TCPServer.server_bind(self)
/Users/4d/.local/share/uv/python/cpython-3.14.7-macos-aarch64-none/lib/python3.14/socketserver.py:478: in server_bind
    self.socket.bind(self.server_address)
E   PermissionError: [Errno 1] Operation not permitted

During handling of the above exception, another exception occurred:
.venv/lib/python3.14/site-packages/pytest_httpserver/pytest_plugin.py:50: in make_httpserver
    server.start()
.venv/lib/python3.14/site-packages/pytest_httpserver/httpserver.py:764: in start
    self.server = make_server(
.venv/lib/python3.14/site-packages/werkzeug/serving.py:946: in make_server
    return BaseWSGIServer(
.venv/lib/python3.14/site-packages/werkzeug/serving.py:782: in __init__
    sys.exit(1)
E   SystemExit: 1
---------------------------- Captured stderr setup -----------------------------
Operation not permitted
_______ ERROR at setup of TestSearchInside.test_pages_filters_and_params _______
.venv/lib/python3.14/site-packages/werkzeug/serving.py:759: in __init__
    self.server_bind()
/Users/4d/.local/share/uv/python/cpython-3.14.7-macos-aarch64-none/lib/python3.14/http/server.py:148: in server_bind
    socketserver.TCPServer.server_bind(self)
/Users/4d/.local/share/uv/python/cpython-3.14.7-macos-aarch64-none/lib/python3.14/socketserver.py:478: in server_bind
    self.socket.bind(self.server_address)
E   PermissionError: [Errno 1] Operation not permitted

During handling of the above exception, another exception occurred:
.venv/lib/python3.14/site-packages/pytest_httpserver/pytest_plugin.py:50: in make_httpserver
    server.start()
.venv/lib/python3.14/site-packages/pytest_httpserver/httpserver.py:764: in start
    self.server = make_server(
.venv/lib/python3.14/site-packages/werkzeug/serving.py:946: in make_server
    return BaseWSGIServer(
.venv/lib/python3.14/site-packages/werkzeug/serving.py:782: in __init__
    sys.exit(1)
E   SystemExit: 1
---------------------------- Captured stderr setup -----------------------------
Operation not permitted
________ ERROR at setup of TestSearchInside.test_stops_at_api_page_cap _________
.venv/lib/python3.14/site-packages/werkzeug/serving.py:759: in __init__
    self.server_bind()
/Users/4d/.local/share/uv/python/cpython-3.14.7-macos-aarch64-none/lib/python3.14/http/server.py:148: in server_bind
    socketserver.TCPServer.server_bind(self)
/Users/4d/.local/share/uv/python/cpython-3.14.7-macos-aarch64-none/lib/python3.14/socketserver.py:478: in server_bind
    self.socket.bind(self.server_address)
E   PermissionError: [Errno 1] Operation not permitted

During handling of the above exception, another exception occurred:
.venv/lib/python3.14/site-packages/pytest_httpserver/pytest_plugin.py:50: in make_httpserver
    server.start()
.venv/lib/python3.14/site-packages/pytest_httpserver/httpserver.py:764: in start
    self.server = make_server(
.venv/lib/python3.14/site-packages/werkzeug/serving.py:946: in make_server
    return BaseWSGIServer(
.venv/lib/python3.14/site-packages/werkzeug/serving.py:782: in __init__
    sys.exit(1)
E   SystemExit: 1
---------------------------- Captured stderr setup -----------------------------
Operation not permitted
_ ERROR at setup of TestSearchInside.test_api_error_raises_without_leaking_key _
.venv/lib/python3.14/site-packages/werkzeug/serving.py:759: in __init__
    self.server_bind()
/Users/4d/.local/share/uv/python/cpython-3.14.7-macos-aarch64-none/lib/python3.14/http/server.py:148: in server_bind
    socketserver.TCPServer.server_bind(self)
/Users/4d/.local/share/uv/python/cpython-3.14.7-macos-aarch64-none/lib/python3.14/socketserver.py:478: in server_bind
    self.socket.bind(self.server_address)
E   PermissionError: [Errno 1] Operation not permitted

During handling of the above exception, another exception occurred:
.venv/lib/python3.14/site-packages/pytest_httpserver/pytest_plugin.py:50: in make_httpserver
    server.start()
.venv/lib/python3.14/site-packages/pytest_httpserver/httpserver.py:764: in start
    self.server = make_server(
.venv/lib/python3.14/site-packages/werkzeug/serving.py:946: in make_server
    return BaseWSGIServer(
.venv/lib/python3.14/site-packages/werkzeug/serving.py:782: in __init__
    sys.exit(1)
E   SystemExit: 1
---------------------------- Captured stderr setup -----------------------------
Operation not permitted
____ ERROR at setup of TestPartAndItemResolution.test_part_resolves_to_item ____
.venv/lib/python3.14/site-packages/werkzeug/serving.py:759: in __init__
    self.server_bind()
/Users/4d/.local/share/uv/python/cpython-3.14.7-macos-aarch64-none/lib/python3.14/http/server.py:148: in server_bind
    socketserver.TCPServer.server_bind(self)
/Users/4d/.local/share/uv/python/cpython-3.14.7-macos-aarch64-none/lib/python3.14/socketserver.py:478: in server_bind
    self.socket.bind(self.server_address)
E   PermissionError: [Errno 1] Operation not permitted

During handling of the above exception, another exception occurred:
.venv/lib/python3.14/site-packages/pytest_httpserver/pytest_plugin.py:50: in make_httpserver
    server.start()
.venv/lib/python3.14/site-packages/pytest_httpserver/httpserver.py:764: in start
    self.server = make_server(
.venv/lib/python3.14/site-packages/werkzeug/serving.py:946: in make_server
    return BaseWSGIServer(
.venv/lib/python3.14/site-packages/werkzeug/serving.py:782: in __init__
    sys.exit(1)
E   SystemExit: 1
---------------------------- Captured stderr setup -----------------------------
Operation not permitted
__ ERROR at setup of TestPartAndItemResolution.test_item_stub_from_ia_source ___
.venv/lib/python3.14/site-packages/werkzeug/serving.py:759: in __init__
    self.server_bind()
/Users/4d/.local/share/uv/python/cpython-3.14.7-macos-aarch64-none/lib/python3.14/http/server.py:148: in server_bind
    socketserver.TCPServer.server_bind(self)
/Users/4d/.local/share/uv/python/cpython-3.14.7-macos-aarch64-none/lib/python3.14/socketserver.py:478: in server_bind
    self.socket.bind(self.server_address)
E   PermissionError: [Errno 1] Operation not permitted

During handling of the above exception, another exception occurred:
.venv/lib/python3.14/site-packages/pytest_httpserver/pytest_plugin.py:50: in make_httpserver
    server.start()
.venv/lib/python3.14/site-packages/pytest_httpserver/httpserver.py:764: in start
    self.server = make_server(
.venv/lib/python3.14/site-packages/werkzeug/serving.py:946: in make_server
    return BaseWSGIServer(
.venv/lib/python3.14/site-packages/werkzeug/serving.py:782: in __init__
    sys.exit(1)
E   SystemExit: 1
---------------------------- Captured stderr setup -----------------------------
Operation not permitted
_ ERROR at setup of TestPartAndItemResolution.test_non_ia_item_yields_no_stub __
.venv/lib/python3.14/site-packages/werkzeug/serving.py:759: in __init__
    self.server_bind()
/Users/4d/.local/share/uv/python/cpython-3.14.7-macos-aarch64-none/lib/python3.14/http/server.py:148: in server_bind
    socketserver.TCPServer.server_bind(self)
/Users/4d/.local/share/uv/python/cpython-3.14.7-macos-aarch64-none/lib/python3.14/socketserver.py:478: in server_bind
    self.socket.bind(self.server_address)
E   PermissionError: [Errno 1] Operation not permitted

During handling of the above exception, another exception occurred:
.venv/lib/python3.14/site-packages/pytest_httpserver/pytest_plugin.py:50: in make_httpserver
    server.start()
.venv/lib/python3.14/site-packages/pytest_httpserver/httpserver.py:764: in start
    self.server = make_server(
.venv/lib/python3.14/site-packages/werkzeug/serving.py:946: in make_server
    return BaseWSGIServer(
.venv/lib/python3.14/site-packages/werkzeug/serving.py:782: in __init__
    sys.exit(1)
E   SystemExit: 1
---------------------------- Captured stderr setup -----------------------------
Operation not permitted
_ ERROR at setup of TestCollectSearchInsideCandidates.test_merge_dedupe_and_cap _
.venv/lib/python3.14/site-packages/werkzeug/serving.py:759: in __init__
    self.server_bind()
/Users/4d/.local/share/uv/python/cpython-3.14.7-macos-aarch64-none/lib/python3.14/http/server.py:148: in server_bind
    socketserver.TCPServer.server_bind(self)
/Users/4d/.local/share/uv/python/cpython-3.14.7-macos-aarch64-none/lib/python3.14/socketserver.py:478: in server_bind
    self.socket.bind(self.server_address)
E   PermissionError: [Errno 1] Operation not permitted

During handling of the above exception, another exception occurred:
.venv/lib/python3.14/site-packages/pytest_httpserver/pytest_plugin.py:50: in make_httpserver
    server.start()
.venv/lib/python3.14/site-packages/pytest_httpserver/httpserver.py:764: in start
    self.server = make_server(
.venv/lib/python3.14/site-packages/werkzeug/serving.py:946: in make_server
    return BaseWSGIServer(
.venv/lib/python3.14/site-packages/werkzeug/serving.py:782: in __init__
    sys.exit(1)
E   SystemExit: 1
---------------------------- Captured stderr setup -----------------------------
Operation not permitted
_ ERROR at setup of TestCollectSearchInsideCandidates.test_cap_truncates_highest_relevance _
.venv/lib/python3.14/site-packages/werkzeug/serving.py:759: in __init__
    self.server_bind()
/Users/4d/.local/share/uv/python/cpython-3.14.7-macos-aarch64-none/lib/python3.14/http/server.py:148: in server_bind
    socketserver.TCPServer.server_bind(self)
/Users/4d/.local/share/uv/python/cpython-3.14.7-macos-aarch64-none/lib/python3.14/socketserver.py:478: in server_bind
    self.socket.bind(self.server_address)
E   PermissionError: [Errno 1] Operation not permitted

During handling of the above exception, another exception occurred:
.venv/lib/python3.14/site-packages/pytest_httpserver/pytest_plugin.py:50: in make_httpserver
    server.start()
.venv/lib/python3.14/site-packages/pytest_httpserver/httpserver.py:764: in start
    self.server = make_server(
.venv/lib/python3.14/site-packages/werkzeug/serving.py:946: in make_server
    return BaseWSGIServer(
.venv/lib/python3.14/site-packages/werkzeug/serving.py:782: in __init__
    sys.exit(1)
E   SystemExit: 1
---------------------------- Captured stderr setup -----------------------------
Operation not permitted
_ ERROR at setup of TestCollectSearchInsideCandidates.test_resume_skips_enumerated_terms _
.venv/lib/python3.14/site-packages/werkzeug/serving.py:759: in __init__
    self.server_bind()
/Users/4d/.local/share/uv/python/cpython-3.14.7-macos-aarch64-none/lib/python3.14/http/server.py:148: in server_bind
    socketserver.TCPServer.server_bind(self)
/Users/4d/.local/share/uv/python/cpython-3.14.7-macos-aarch64-none/lib/python3.14/socketserver.py:478: in server_bind
    self.socket.bind(self.server_address)
E   PermissionError: [Errno 1] Operation not permitted

During handling of the above exception, another exception occurred:
.venv/lib/python3.14/site-packages/pytest_httpserver/pytest_plugin.py:50: in make_httpserver
    server.start()
.venv/lib/python3.14/site-packages/pytest_httpserver/httpserver.py:764: in start
    self.server = make_server(
.venv/lib/python3.14/site-packages/werkzeug/serving.py:946: in make_server
    return BaseWSGIServer(
.venv/lib/python3.14/site-packages/werkzeug/serving.py:782: in __init__
    sys.exit(1)
E   SystemExit: 1
---------------------------- Captured stderr setup -----------------------------
Operation not permitted
_ ERROR at setup of TestKeyedHarvestMerge.test_harvest_sharded_merges_keyed_stubs _
.venv/lib/python3.14/site-packages/werkzeug/serving.py:759: in __init__
    self.server_bind()
/Users/4d/.local/share/uv/python/cpython-3.14.7-macos-aarch64-none/lib/python3.14/http/server.py:148: in server_bind
    socketserver.TCPServer.server_bind(self)
/Users/4d/.local/share/uv/python/cpython-3.14.7-macos-aarch64-none/lib/python3.14/socketserver.py:478: in server_bind
    self.socket.bind(self.server_address)
E   PermissionError: [Errno 1] Operation not permitted

During handling of the above exception, another exception occurred:
.venv/lib/python3.14/site-packages/pytest_httpserver/pytest_plugin.py:50: in make_httpserver
    server.start()
.venv/lib/python3.14/site-packages/pytest_httpserver/httpserver.py:764: in start
    self.server = make_server(
.venv/lib/python3.14/site-packages/werkzeug/serving.py:946: in make_server
    return BaseWSGIServer(
.venv/lib/python3.14/site-packages/werkzeug/serving.py:782: in __init__
    sys.exit(1)
E   SystemExit: 1
---------------------------- Captured stderr setup -----------------------------
Operation not permitted
_____ ERROR at setup of TestFetchAbstractsForQuery.test_returns_abstracts ______
.venv/lib/python3.14/site-packages/werkzeug/serving.py:759: in __init__
    self.server_bind()
/Users/4d/.local/share/uv/python/cpython-3.14.7-macos-aarch64-none/lib/python3.14/http/server.py:148: in server_bind
    socketserver.TCPServer.server_bind(self)
/Users/4d/.local/share/uv/python/cpython-3.14.7-macos-aarch64-none/lib/python3.14/socketserver.py:478: in server_bind
    self.socket.bind(self.server_address)
E   PermissionError: [Errno 1] Operation not permitted

During handling of the above exception, another exception occurred:
.venv/lib/python3.14/site-packages/pytest_httpserver/pytest_plugin.py:50: in make_httpserver
    server.start()
.venv/lib/python3.14/site-packages/pytest_httpserver/httpserver.py:764: in start
    self.server = make_server(
.venv/lib/python3.14/site-packages/werkzeug/serving.py:946: in make_server
    return BaseWSGIServer(
.venv/lib/python3.14/site-packages/werkzeug/serving.py:782: in __init__
    sys.exit(1)
E   SystemExit: 1
---------------------------- Captured stderr setup -----------------------------
Operation not permitted
_ ERROR at setup of TestFetchAbstractsForQuery.test_skips_publications_without_abstract _
.venv/lib/python3.14/site-packages/werkzeug/serving.py:759: in __init__
    self.server_bind()
/Users/4d/.local/share/uv/python/cpython-3.14.7-macos-aarch64-none/lib/python3.14/http/server.py:148: in server_bind
    socketserver.TCPServer.server_bind(self)
/Users/4d/.local/share/uv/python/cpython-3.14.7-macos-aarch64-none/lib/python3.14/socketserver.py:478: in server_bind
    self.socket.bind(self.server_address)
E   PermissionError: [Errno 1] Operation not permitted

During handling of the above exception, another exception occurred:
.venv/lib/python3.14/site-packages/pytest_httpserver/pytest_plugin.py:50: in make_httpserver
    server.start()
.venv/lib/python3.14/site-packages/pytest_httpserver/httpserver.py:764: in start
    self.server = make_server(
.venv/lib/python3.14/site-packages/werkzeug/serving.py:946: in make_server
    return BaseWSGIServer(
.venv/lib/python3.14/site-packages/werkzeug/serving.py:782: in __init__
    sys.exit(1)
E   SystemExit: 1
---------------------------- Captured stderr setup -----------------------------
Operation not permitted
____ ERROR at setup of TestMain.test_fetch_mode_merges_into_existing_corpus ____
.venv/lib/python3.14/site-packages/werkzeug/serving.py:759: in __init__
    self.server_bind()
/Users/4d/.local/share/uv/python/cpython-3.14.7-macos-aarch64-none/lib/python3.14/http/server.py:148: in server_bind
    socketserver.TCPServer.server_bind(self)
/Users/4d/.local/share/uv/python/cpython-3.14.7-macos-aarch64-none/lib/python3.14/socketserver.py:478: in server_bind
    self.socket.bind(self.server_address)
E   PermissionError: [Errno 1] Operation not permitted

During handling of the above exception, another exception occurred:
.venv/lib/python3.14/site-packages/pytest_httpserver/pytest_plugin.py:50: in make_httpserver
    server.start()
.venv/lib/python3.14/site-packages/pytest_httpserver/httpserver.py:764: in start
    self.server = make_server(
.venv/lib/python3.14/site-packages/werkzeug/serving.py:946: in make_server
    return BaseWSGIServer(
.venv/lib/python3.14/site-packages/werkzeug/serving.py:782: in __init__
    sys.exit(1)
E   SystemExit: 1
---------------------------- Captured stderr setup -----------------------------
Operation not permitted
_______ ERROR at setup of TestMain.test_force_preserves_existing_records _______
.venv/lib/python3.14/site-packages/werkzeug/serving.py:759: in __init__
    self.server_bind()
/Users/4d/.local/share/uv/python/cpython-3.14.7-macos-aarch64-none/lib/python3.14/http/server.py:148: in server_bind
    socketserver.TCPServer.server_bind(self)
/Users/4d/.local/share/uv/python/cpython-3.14.7-macos-aarch64-none/lib/python3.14/socketserver.py:478: in server_bind
    self.socket.bind(self.server_address)
E   PermissionError: [Errno 1] Operation not permitted

During handling of the above exception, another exception occurred:
.venv/lib/python3.14/site-packages/pytest_httpserver/pytest_plugin.py:50: in make_httpserver
    server.start()
.venv/lib/python3.14/site-packages/pytest_httpserver/httpserver.py:764: in start
    self.server = make_server(
.venv/lib/python3.14/site-packages/werkzeug/serving.py:946: in make_server
    return BaseWSGIServer(
.venv/lib/python3.14/site-packages/werkzeug/serving.py:782: in __init__
    sys.exit(1)
E   SystemExit: 1
---------------------------- Captured stderr setup -----------------------------
Operation not permitted
_ ERROR at setup of TestMain.test_grow_appends_records_and_updates_provenance __
.venv/lib/python3.14/site-packages/werkzeug/serving.py:759: in __init__
    self.server_bind()
/Users/4d/.local/share/uv/python/cpython-3.14.7-macos-aarch64-none/lib/python3.14/http/server.py:148: in server_bind
    socketserver.TCPServer.server_bind(self)
/Users/4d/.local/share/uv/python/cpython-3.14.7-macos-aarch64-none/lib/python3.14/socketserver.py:478: in server_bind
    self.socket.bind(self.server_address)
E   PermissionError: [Errno 1] Operation not permitted

During handling of the above exception, another exception occurred:
.venv/lib/python3.14/site-packages/pytest_httpserver/pytest_plugin.py:50: in make_httpserver
    server.start()
.venv/lib/python3.14/site-packages/pytest_httpserver/httpserver.py:764: in start
    self.server = make_server(
.venv/lib/python3.14/site-packages/werkzeug/serving.py:946: in make_server
    return BaseWSGIServer(
.venv/lib/python3.14/site-packages/werkzeug/serving.py:782: in __init__
    sys.exit(1)
E   SystemExit: 1
---------------------------- Captured stderr setup -----------------------------
Operation not permitted
______________ ERROR at setup of TestMain.test_grow_is_idempotent ______________
.venv/lib/python3.14/site-packages/werkzeug/serving.py:759: in __init__
    self.server_bind()
/Users/4d/.local/share/uv/python/cpython-3.14.7-macos-aarch64-none/lib/python3.14/http/server.py:148: in server_bind
    socketserver.TCPServer.server_bind(self)
/Users/4d/.local/share/uv/python/cpython-3.14.7-macos-aarch64-none/lib/python3.14/socketserver.py:478: in server_bind
    self.socket.bind(self.server_address)
E   PermissionError: [Errno 1] Operation not permitted

During handling of the above exception, another exception occurred:
.venv/lib/python3.14/site-packages/pytest_httpserver/pytest_plugin.py:50: in make_httpserver
    server.start()
.venv/lib/python3.14/site-packages/pytest_httpserver/httpserver.py:764: in start
    self.server = make_server(
.venv/lib/python3.14/site-packages/werkzeug/serving.py:946: in make_server
    return BaseWSGIServer(
.venv/lib/python3.14/site-packages/werkzeug/serving.py:782: in __init__
    sys.exit(1)
E   SystemExit: 1
---------------------------- Captured stderr setup -----------------------------
Operation not permitted
____________ ERROR at setup of TestPubMedMiner.test_search_success _____________
.venv/lib/python3.14/site-packages/werkzeug/serving.py:759: in __init__
    self.server_bind()
/Users/4d/.local/share/uv/python/cpython-3.14.7-macos-aarch64-none/lib/python3.14/http/server.py:148: in server_bind
    socketserver.TCPServer.server_bind(self)
/Users/4d/.local/share/uv/python/cpython-3.14.7-macos-aarch64-none/lib/python3.14/socketserver.py:478: in server_bind
    self.socket.bind(self.server_address)
E   PermissionError: [Errno 1] Operation not permitted

During handling of the above exception, another exception occurred:
.venv/lib/python3.14/site-packages/pytest_httpserver/pytest_plugin.py:50: in make_httpserver
    server.start()
.venv/lib/python3.14/site-packages/pytest_httpserver/httpserver.py:764: in start
    self.server = make_server(
.venv/lib/python3.14/site-packages/werkzeug/serving.py:946: in make_server
    return BaseWSGIServer(
.venv/lib/python3.14/site-packages/werkzeug/serving.py:782: in __init__
    sys.exit(1)
E   SystemExit: 1
---------------------------- Captured stderr setup -----------------------------
Operation not permitted
_________ ERROR at setup of TestPubMedMiner.test_search_error_handling _________
.venv/lib/python3.14/site-packages/werkzeug/serving.py:759: in __init__
    self.server_bind()
/Users/4d/.local/share/uv/python/cpython-3.14.7-macos-aarch64-none/lib/python3.14/http/server.py:148: in server_bind
    socketserver.TCPServer.server_bind(self)
/Users/4d/.local/share/uv/python/cpython-3.14.7-macos-aarch64-none/lib/python3.14/socketserver.py:478: in server_bind
    self.socket.bind(self.server_address)
E   PermissionError: [Errno 1] Operation not permitted

During handling of the above exception, another exception occurred:
.venv/lib/python3.14/site-packages/pytest_httpserver/pytest_plugin.py:50: in make_httpserver
    server.start()
.venv/lib/python3.14/site-packages/pytest_httpserver/httpserver.py:764: in start
    self.server = make_server(
.venv/lib/python3.14/site-packages/werkzeug/serving.py:946: in make_server
    return BaseWSGIServer(
.venv/lib/python3.14/site-packages/werkzeug/serving.py:782: in __init__
    sys.exit(1)
E   SystemExit: 1
---------------------------- Captured stderr setup -----------------------------
Operation not permitted
______ ERROR at setup of TestPubMedMiner.test_fetch_publications_success _______
.venv/lib/python3.14/site-packages/werkzeug/serving.py:759: in __init__
    self.server_bind()
/Users/4d/.local/share/uv/python/cpython-3.14.7-macos-aarch64-none/lib/python3.14/http/server.py:148: in server_bind
    socketserver.TCPServer.server_bind(self)
/Users/4d/.local/share/uv/python/cpython-3.14.7-macos-aarch64-none/lib/python3.14/socketserver.py:478: in server_bind
    self.socket.bind(self.server_address)
E   PermissionError: [Errno 1] Operation not permitted

During handling of the above exception, another exception occurred:
.venv/lib/python3.14/site-packages/pytest_httpserver/pytest_plugin.py:50: in make_httpserver
    server.start()
.venv/lib/python3.14/site-packages/pytest_httpserver/httpserver.py:764: in start
    self.server = make_server(
.venv/lib/python3.14/site-packages/werkzeug/serving.py:946: in make_server
    return BaseWSGIServer(
.venv/lib/python3.14/site-packages/werkzeug/serving.py:782: in __init__
    sys.exit(1)
E   SystemExit: 1
---------------------------- Captured stderr setup -----------------------------
Operation not permitted
____ ERROR at setup of TestPubMedMiner.test_fetch_publications_parse_error _____
.venv/lib/python3.14/site-packages/werkzeug/serving.py:759: in __init__
    self.server_bind()
/Users/4d/.local/share/uv/python/cpython-3.14.7-macos-aarch64-none/lib/python3.14/http/server.py:148: in server_bind
    socketserver.TCPServer.server_bind(self)
/Users/4d/.local/share/uv/python/cpython-3.14.7-macos-aarch64-none/lib/python3.14/socketserver.py:478: in server_bind
    self.socket.bind(self.server_address)
E   PermissionError: [Errno 1] Operation not permitted

During handling of the above exception, another exception occurred:
.venv/lib/python3.14/site-packages/pytest_httpserver/pytest_plugin.py:50: in make_httpserver
    server.start()
.venv/lib/python3.14/site-packages/pytest_httpserver/httpserver.py:764: in start
    self.server = make_server(
.venv/lib/python3.14/site-packages/werkzeug/serving.py:946: in make_server
    return BaseWSGIServer(
.venv/lib/python3.14/site-packages/werkzeug/serving.py:782: in __init__
    sys.exit(1)
E   SystemExit: 1
---------------------------- Captured stderr setup -----------------------------
Operation not permitted
____________ ERROR at setup of TestPubMedMiner.test_search_caching _____________
.venv/lib/python3.14/site-packages/werkzeug/serving.py:759: in __init__
    self.server_bind()
/Users/4d/.local/share/uv/python/cpython-3.14.7-macos-aarch64-none/lib/python3.14/http/server.py:148: in server_bind
    socketserver.TCPServer.server_bind(self)
/Users/4d/.local/share/uv/python/cpython-3.14.7-macos-aarch64-none/lib/python3.14/socketserver.py:478: in server_bind
    self.socket.bind(self.server_address)
E   PermissionError: [Errno 1] Operation not permitted

During handling of the above exception, another exception occurred:
.venv/lib/python3.14/site-packages/pytest_httpserver/pytest_plugin.py:50: in make_httpserver
    server.start()
.venv/lib/python3.14/site-packages/pytest_httpserver/httpserver.py:764: in start
    self.server = make_server(
.venv/lib/python3.14/site-packages/werkzeug/serving.py:946: in make_server
    return BaseWSGIServer(
.venv/lib/python3.14/site-packages/werkzeug/serving.py:782: in __init__
    sys.exit(1)
E   SystemExit: 1
---------------------------- Captured stderr setup -----------------------------
Operation not permitted
_______ ERROR at setup of TestPubMedMiner.test_search_json_decode_error ________
.venv/lib/python3.14/site-packages/werkzeug/serving.py:759: in __init__
    self.server_bind()
/Users/4d/.local/share/uv/python/cpython-3.14.7-macos-aarch64-none/lib/python3.14/http/server.py:148: in server_bind
    socketserver.TCPServer.server_bind(self)
/Users/4d/.local/share/uv/python/cpython-3.14.7-macos-aarch64-none/lib/python3.14/socketserver.py:478: in server_bind
    self.socket.bind(self.server_address)
E   PermissionError: [Errno 1] Operation not permitted

During handling of the above exception, another exception occurred:
.venv/lib/python3.14/site-packages/pytest_httpserver/pytest_plugin.py:50: in make_httpserver
    server.start()
.venv/lib/python3.14/site-packages/pytest_httpserver/httpserver.py:764: in start
    self.server = make_server(
.venv/lib/python3.14/site-packages/werkzeug/serving.py:946: in make_server
    return BaseWSGIServer(
.venv/lib/python3.14/site-packages/werkzeug/serving.py:782: in __init__
    sys.exit(1)
E   SystemExit: 1
---------------------------- Captured stderr setup -----------------------------
Operation not permitted
___ ERROR at setup of TestPubMedMiner.test_search_unexpected_response_format ___
.venv/lib/python3.14/site-packages/werkzeug/serving.py:759: in __init__
    self.server_bind()
/Users/4d/.local/share/uv/python/cpython-3.14.7-macos-aarch64-none/lib/python3.14/http/server.py:148: in server_bind
    socketserver.TCPServer.server_bind(self)
/Users/4d/.local/share/uv/python/cpython-3.14.7-macos-aarch64-none/lib/python3.14/socketserver.py:478: in server_bind
    self.socket.bind(self.server_address)
E   PermissionError: [Errno 1] Operation not permitted

During handling of the above exception, another exception occurred:
.venv/lib/python3.14/site-packages/pytest_httpserver/pytest_plugin.py:50: in make_httpserver
    server.start()
.venv/lib/python3.14/site-packages/pytest_httpserver/httpserver.py:764: in start
    self.server = make_server(
.venv/lib/python3.14/site-packages/werkzeug/serving.py:946: in make_server
    return BaseWSGIServer(
.venv/lib/python3.14/site-packages/werkzeug/serving.py:782: in __init__
    sys.exit(1)
E   SystemExit: 1
---------------------------- Captured stderr setup -----------------------------
Operation not permitted
_____________ ERROR at setup of TestArXivMiner.test_search_success _____________
.venv/lib/python3.14/site-packages/werkzeug/serving.py:759: in __init__
    self.server_bind()
/Users/4d/.local/share/uv/python/cpython-3.14.7-macos-aarch64-none/lib/python3.14/http/server.py:148: in server_bind
    socketserver.TCPServer.server_bind(self)
/Users/4d/.local/share/uv/python/cpython-3.14.7-macos-aarch64-none/lib/python3.14/socketserver.py:478: in server_bind
    self.socket.bind(self.server_address)
E   PermissionError: [Errno 1] Operation not permitted

During handling of the above exception, another exception occurred:
.venv/lib/python3.14/site-packages/pytest_httpserver/pytest_plugin.py:50: in make_httpserver
    server.start()
.venv/lib/python3.14/site-packages/pytest_httpserver/httpserver.py:764: in start
    self.server = make_server(
.venv/lib/python3.14/site-packages/werkzeug/serving.py:946: in make_server
    return BaseWSGIServer(
.venv/lib/python3.14/site-packages/werkzeug/serving.py:782: in __init__
    sys.exit(1)
E   SystemExit: 1
---------------------------- Captured stderr setup -----------------------------
Operation not permitted
_________ ERROR at setup of TestArXivMiner.test_search_error_handling __________
.venv/lib/python3.14/site-packages/werkzeug/serving.py:759: in __init__
    self.server_bind()
/Users/4d/.local/share/uv/python/cpython-3.14.7-macos-aarch64-none/lib/python3.14/http/server.py:148: in server_bind
    socketserver.TCPServer.server_bind(self)
/Users/4d/.local/share/uv/python/cpython-3.14.7-macos-aarch64-none/lib/python3.14/socketserver.py:478: in server_bind
    self.socket.bind(self.server_address)
E   PermissionError: [Errno 1] Operation not permitted

During handling of the above exception, another exception occurred:
.venv/lib/python3.14/site-packages/pytest_httpserver/pytest_plugin.py:50: in make_httpserver
    server.start()
.venv/lib/python3.14/site-packages/pytest_httpserver/httpserver.py:764: in start
    self.server = make_server(
.venv/lib/python3.14/site-packages/werkzeug/serving.py:946: in make_server
    return BaseWSGIServer(
.venv/lib/python3.14/site-packages/werkzeug/serving.py:782: in __init__
    sys.exit(1)
E   SystemExit: 1
---------------------------- Captured stderr setup -----------------------------
Operation not permitted
___________ ERROR at setup of TestArXivMiner.test_search_invalid_xml ___________
.venv/lib/python3.14/site-packages/werkzeug/serving.py:759: in __init__
    self.server_bind()
/Users/4d/.local/share/uv/python/cpython-3.14.7-macos-aarch64-none/lib/python3.14/http/server.py:148: in server_bind
    socketserver.TCPServer.server_bind(self)
/Users/4d/.local/share/uv/python/cpython-3.14.7-macos-aarch64-none/lib/python3.14/socketserver.py:478: in server_bind
    self.socket.bind(self.server_address)
E   PermissionError: [Errno 1] Operation not permitted

During handling of the above exception, another exception occurred:
.venv/lib/python3.14/site-packages/pytest_httpserver/pytest_plugin.py:50: in make_httpserver
    server.start()
.venv/lib/python3.14/site-packages/pytest_httpserver/httpserver.py:764: in start
    self.server = make_server(
.venv/lib/python3.14/site-packages/werkzeug/serving.py:946: in make_server
    return BaseWSGIServer(
.venv/lib/python3.14/site-packages/werkzeug/serving.py:782: in __init__
    sys.exit(1)
E   SystemExit: 1
---------------------------- Captured stderr setup -----------------------------
Operation not permitted
_ ERROR at setup of TestMineEntomologyLiteratureWithServer.test_with_httpserver _
.venv/lib/python3.14/site-packages/werkzeug/serving.py:759: in __init__
    self.server_bind()
/Users/4d/.local/share/uv/python/cpython-3.14.7-macos-aarch64-none/lib/python3.14/http/server.py:148: in server_bind
    socketserver.TCPServer.server_bind(self)
/Users/4d/.local/share/uv/python/cpython-3.14.7-macos-aarch64-none/lib/python3.14/socketserver.py:478: in server_bind
    self.socket.bind(self.server_address)
E   PermissionError: [Errno 1] Operation not permitted

During handling of the above exception, another exception occurred:
.venv/lib/python3.14/site-packages/pytest_httpserver/pytest_plugin.py:50: in make_httpserver
    server.start()
.venv/lib/python3.14/site-packages/pytest_httpserver/httpserver.py:764: in start
    self.server = make_server(
.venv/lib/python3.14/site-packages/werkzeug/serving.py:946: in make_server
    return BaseWSGIServer(
.venv/lib/python3.14/site-packages/werkzeug/serving.py:782: in __init__
    sys.exit(1)
E   SystemExit: 1
---------------------------- Captured stderr setup -----------------------------
Operation not permitted
_ ERROR at setup of TestPubMedMinerParsing.test_fetch_batch_abstracts_xml_parsing _
.venv/lib/python3.14/site-packages/werkzeug/serving.py:759: in __init__
    self.server_bind()
/Users/4d/.local/share/uv/python/cpython-3.14.7-macos-aarch64-none/lib/python3.14/http/server.py:148: in server_bind
    socketserver.TCPServer.server_bind(self)
/Users/4d/.local/share/uv/python/cpython-3.14.7-macos-aarch64-none/lib/python3.14/socketserver.py:478: in server_bind
    self.socket.bind(self.server_address)
E   PermissionError: [Errno 1] Operation not permitted

During handling of the above exception, another exception occurred:
.venv/lib/python3.14/site-packages/pytest_httpserver/pytest_plugin.py:50: in make_httpserver
    server.start()
.venv/lib/python3.14/site-packages/pytest_httpserver/httpserver.py:764: in start
    self.server = make_server(
.venv/lib/python3.14/site-packages/werkzeug/serving.py:946: in make_server
    return BaseWSGIServer(
.venv/lib/python3.14/site-packages/werkzeug/serving.py:782: in __init__
    sys.exit(1)
E   SystemExit: 1
---------------------------- Captured stderr setup -----------------------------
Operation not permitted
_ ERROR at setup of TestPubMedMinerUncoveredPaths.test_search_returns_empty_on_non_200_status _
.venv/lib/python3.14/site-packages/werkzeug/serving.py:759: in __init__
    self.server_bind()
/Users/4d/.local/share/uv/python/cpython-3.14.7-macos-aarch64-none/lib/python3.14/http/server.py:148: in server_bind
    socketserver.TCPServer.server_bind(self)
/Users/4d/.local/share/uv/python/cpython-3.14.7-macos-aarch64-none/lib/python3.14/socketserver.py:478: in server_bind
    self.socket.bind(self.server_address)
E   PermissionError: [Errno 1] Operation not permitted

During handling of the above exception, another exception occurred:
.venv/lib/python3.14/site-packages/pytest_httpserver/pytest_plugin.py:50: in make_httpserver
    server.start()
.venv/lib/python3.14/site-packages/pytest_httpserver/httpserver.py:764: in start
    self.server = make_server(
.venv/lib/python3.14/site-packages/werkzeug/serving.py:946: in make_server
    return BaseWSGIServer(
.venv/lib/python3.14/site-packages/werkzeug/serving.py:782: in __init__
    sys.exit(1)
E   SystemExit: 1
---------------------------- Captured stderr setup -----------------------------
Operation not permitted
_ ERROR at setup of TestPubMedMinerUncoveredPaths.test_search_without_cache_does_not_store _
.venv/lib/python3.14/site-packages/werkzeug/serving.py:759: in __init__
    self.server_bind()
/Users/4d/.local/share/uv/python/cpython-3.14.7-macos-aarch64-none/lib/python3.14/http/server.py:148: in server_bind
    socketserver.TCPServer.server_bind(self)
/Users/4d/.local/share/uv/python/cpython-3.14.7-macos-aarch64-none/lib/python3.14/socketserver.py:478: in server_bind
    self.socket.bind(self.server_address)
E   PermissionError: [Errno 1] Operation not permitted

During handling of the above exception, another exception occurred:
.venv/lib/python3.14/site-packages/pytest_httpserver/pytest_plugin.py:50: in make_httpserver
    server.start()
.venv/lib/python3.14/site-packages/pytest_httpserver/httpserver.py:764: in start
    self.server = make_server(
.venv/lib/python3.14/site-packages/werkzeug/serving.py:946: in make_server
    return BaseWSGIServer(
.venv/lib/python3.14/site-packages/werkzeug/serving.py:782: in __init__
    sys.exit(1)
E   SystemExit: 1
---------------------------- Captured stderr setup -----------------------------
Operation not permitted
_ ERROR at setup of TestPubMedMinerUncoveredPaths.test_search_invalid_utf8_response _
.venv/lib/python3.14/site-packages/werkzeug/serving.py:759: in __init__
    self.server_bind()
/Users/4d/.local/share/uv/python/cpython-3.14.7-macos-aarch64-none/lib/python3.14/http/server.py:148: in server_bind
    socketserver.TCPServer.server_bind(self)
/Users/4d/.local/share/uv/python/cpython-3.14.7-macos-aarch64-none/lib/python3.14/socketserver.py:478: in server_bind
    self.socket.bind(self.server_address)
E   PermissionError: [Errno 1] Operation not permitted

During handling of the above exception, another exception occurred:
.venv/lib/python3.14/site-packages/pytest_httpserver/pytest_plugin.py:50: in make_httpserver
    server.start()
.venv/lib/python3.14/site-packages/pytest_httpserver/httpserver.py:764: in start
    self.server = make_server(
.venv/lib/python3.14/site-packages/werkzeug/serving.py:946: in make_server
    return BaseWSGIServer(
.venv/lib/python3.14/site-packages/werkzeug/serving.py:782: in __init__
    sys.exit(1)
E   SystemExit: 1
---------------------------- Captured stderr setup -----------------------------
Operation not permitted
_ ERROR at setup of TestPubMedMinerUncoveredPaths.test_fetch_publications_merges_efetch_abstracts _
.venv/lib/python3.14/site-packages/werkzeug/serving.py:759: in __init__
    self.server_bind()
/Users/4d/.local/share/uv/python/cpython-3.14.7-macos-aarch64-none/lib/python3.14/http/server.py:148: in server_bind
    socketserver.TCPServer.server_bind(self)
/Users/4d/.local/share/uv/python/cpython-3.14.7-macos-aarch64-none/lib/python3.14/socketserver.py:478: in server_bind
    self.socket.bind(self.server_address)
E   PermissionError: [Errno 1] Operation not permitted

During handling of the above exception, another exception occurred:
.venv/lib/python3.14/site-packages/pytest_httpserver/pytest_plugin.py:50: in make_httpserver
    server.start()
.venv/lib/python3.14/site-packages/pytest_httpserver/httpserver.py:764: in start
    self.server = make_server(
.venv/lib/python3.14/site-packages/werkzeug/serving.py:946: in make_server
    return BaseWSGIServer(
.venv/lib/python3.14/site-packages/werkzeug/serving.py:782: in __init__
    sys.exit(1)
E   SystemExit: 1
---------------------------- Captured stderr setup -----------------------------
Operation not permitted
_ ERROR at setup of TestPubMedMinerUncoveredPaths.test_fetch_batch_summaries_skips_unparseable_entries _
.venv/lib/python3.14/site-packages/werkzeug/serving.py:759: in __init__
    self.server_bind()
/Users/4d/.local/share/uv/python/cpython-3.14.7-macos-aarch64-none/lib/python3.14/http/server.py:148: in server_bind
    socketserver.TCPServer.server_bind(self)
/Users/4d/.local/share/uv/python/cpython-3.14.7-macos-aarch64-none/lib/python3.14/socketserver.py:478: in server_bind
    self.socket.bind(self.server_address)
E   PermissionError: [Errno 1] Operation not permitted

During handling of the above exception, another exception occurred:
.venv/lib/python3.14/site-packages/pytest_httpserver/pytest_plugin.py:50: in make_httpserver
    server.start()
.venv/lib/python3.14/site-packages/pytest_httpserver/httpserver.py:764: in start
    self.server = make_server(
.venv/lib/python3.14/site-packages/werkzeug/serving.py:946: in make_server
    return BaseWSGIServer(
.venv/lib/python3.14/site-packages/werkzeug/serving.py:782: in __init__
    sys.exit(1)
E   SystemExit: 1
---------------------------- Captured stderr setup -----------------------------
Operation not permitted
_ ERROR at setup of TestArXivMinerUncoveredPaths.test_search_skips_unparseable_entries _
.venv/lib/python3.14/site-packages/werkzeug/serving.py:759: in __init__
    self.server_bind()
/Users/4d/.local/share/uv/python/cpython-3.14.7-macos-aarch64-none/lib/python3.14/http/server.py:148: in server_bind
    socketserver.TCPServer.server_bind(self)
/Users/4d/.local/share/uv/python/cpython-3.14.7-macos-aarch64-none/lib/python3.14/socketserver.py:478: in server_bind
    self.socket.bind(self.server_address)
E   PermissionError: [Errno 1] Operation not permitted

During handling of the above exception, another exception occurred:
.venv/lib/python3.14/site-packages/pytest_httpserver/pytest_plugin.py:50: in make_httpserver
    server.start()
.venv/lib/python3.14/site-packages/pytest_httpserver/httpserver.py:764: in start
    self.server = make_server(
.venv/lib/python3.14/site-packages/werkzeug/serving.py:946: in make_server
    return BaseWSGIServer(
.venv/lib/python3.14/site-packages/werkzeug/serving.py:782: in __init__
    sys.exit(1)
E   SystemExit: 1
---------------------------- Captured stderr setup -----------------------------
Operation not permitted
_ ERROR at setup of TestMineEntomologyLiteratureEdgePaths.test_empty_pubmed_and_unrelated_arxiv_results _
.venv/lib/python3.14/site-packages/werkzeug/serving.py:759: in __init__
    self.server_bind()
/Users/4d/.local/share/uv/python/cpython-3.14.7-macos-aarch64-none/lib/python3.14/http/server.py:148: in server_bind
    socketserver.TCPServer.server_bind(self)
/Users/4d/.local/share/uv/python/cpython-3.14.7-macos-aarch64-none/lib/python3.14/socketserver.py:478: in server_bind
    self.socket.bind(self.server_address)
E   PermissionError: [Errno 1] Operation not permitted

During handling of the above exception, another exception occurred:
.venv/lib/python3.14/site-packages/pytest_httpserver/pytest_plugin.py:50: in make_httpserver
    server.start()
.venv/lib/python3.14/site-packages/pytest_httpserver/httpserver.py:764: in start
    self.server = make_server(
.venv/lib/python3.14/site-packages/werkzeug/serving.py:946: in make_server
    return BaseWSGIServer(
.venv/lib/python3.14/site-packages/werkzeug/serving.py:782: in __init__
    sys.exit(1)
E   SystemExit: 1
---------------------------- Captured stderr setup -----------------------------
Operation not permitted
_ ERROR at setup of TestMineCorpusGrowth.test_since_pdat_appends_date_window_to_every_query _
.venv/lib/python3.14/site-packages/werkzeug/serving.py:759: in __init__
    self.server_bind()
/Users/4d/.local/share/uv/python/cpython-3.14.7-macos-aarch64-none/lib/python3.14/http/server.py:148: in server_bind
    socketserver.TCPServer.server_bind(self)
/Users/4d/.local/share/uv/python/cpython-3.14.7-macos-aarch64-none/lib/python3.14/socketserver.py:478: in server_bind
    self.socket.bind(self.server_address)
E   PermissionError: [Errno 1] Operation not permitted

During handling of the above exception, another exception occurred:
.venv/lib/python3.14/site-packages/pytest_httpserver/pytest_plugin.py:50: in make_httpserver
    server.start()
.venv/lib/python3.14/site-packages/pytest_httpserver/httpserver.py:764: in start
    self.server = make_server(
.venv/lib/python3.14/site-packages/werkzeug/serving.py:946: in make_server
    return BaseWSGIServer(
.venv/lib/python3.14/site-packages/werkzeug/serving.py:782: in __init__
    sys.exit(1)
E   SystemExit: 1
---------------------------- Captured stderr setup -----------------------------
Operation not permitted
_ ERROR at setup of TestMineCorpusGrowth.test_exclude_sets_skip_known_records __
.venv/lib/python3.14/site-packages/werkzeug/serving.py:759: in __init__
    self.server_bind()
/Users/4d/.local/share/uv/python/cpython-3.14.7-macos-aarch64-none/lib/python3.14/http/server.py:148: in server_bind
    socketserver.TCPServer.server_bind(self)
/Users/4d/.local/share/uv/python/cpython-3.14.7-macos-aarch64-none/lib/python3.14/socketserver.py:478: in server_bind
    self.socket.bind(self.server_address)
E   PermissionError: [Errno 1] Operation not permitted

During handling of the above exception, another exception occurred:
.venv/lib/python3.14/site-packages/pytest_httpserver/pytest_plugin.py:50: in make_httpserver
    server.start()
.venv/lib/python3.14/site-packages/pytest_httpserver/httpserver.py:764: in start
    self.server = make_server(
.venv/lib/python3.14/site-packages/werkzeug/serving.py:946: in make_server
    return BaseWSGIServer(
.venv/lib/python3.14/site-packages/werkzeug/serving.py:782: in __init__
    sys.exit(1)
E   SystemExit: 1
---------------------------- Captured stderr setup -----------------------------
Operation not permitted
_____ ERROR at setup of TestCollectLiterature.test_mines_and_saves_corpus ______
.venv/lib/python3.14/site-packages/werkzeug/serving.py:759: in __init__
    self.server_bind()
/Users/4d/.local/share/uv/python/cpython-3.14.7-macos-aarch64-none/lib/python3.14/http/server.py:148: in server_bind
    socketserver.TCPServer.server_bind(self)
/Users/4d/.local/share/uv/python/cpython-3.14.7-macos-aarch64-none/lib/python3.14/socketserver.py:478: in server_bind
    self.socket.bind(self.server_address)
E   PermissionError: [Errno 1] Operation not permitted

During handling of the above exception, another exception occurred:
.venv/lib/python3.14/site-packages/pytest_httpserver/pytest_plugin.py:50: in make_httpserver
    server.start()
.venv/lib/python3.14/site-packages/pytest_httpserver/httpserver.py:764: in start
    self.server = make_server(
.venv/lib/python3.14/site-packages/werkzeug/serving.py:946: in make_server
    return BaseWSGIServer(
.venv/lib/python3.14/site-packages/werkzeug/serving.py:782: in __init__
    sys.exit(1)
E   SystemExit: 1
---------------------------- Captured stderr setup -----------------------------
Operation not permitted
_____ ERROR at setup of TestCollectLiterature.test_uses_cache_when_present _____
.venv/lib/python3.14/site-packages/werkzeug/serving.py:759: in __init__
    self.server_bind()
/Users/4d/.local/share/uv/python/cpython-3.14.7-macos-aarch64-none/lib/python3.14/http/server.py:148: in server_bind
    socketserver.TCPServer.server_bind(self)
/Users/4d/.local/share/uv/python/cpython-3.14.7-macos-aarch64-none/lib/python3.14/socketserver.py:478: in server_bind
    self.socket.bind(self.server_address)
E   PermissionError: [Errno 1] Operation not permitted

During handling of the above exception, another exception occurred:
.venv/lib/python3.14/site-packages/pytest_httpserver/pytest_plugin.py:50: in make_httpserver
    server.start()
.venv/lib/python3.14/site-packages/pytest_httpserver/httpserver.py:764: in start
    self.server = make_server(
.venv/lib/python3.14/site-packages/werkzeug/serving.py:946: in make_server
    return BaseWSGIServer(
.venv/lib/python3.14/site-packages/werkzeug/serving.py:782: in __init__
    sys.exit(1)
E   SystemExit: 1
---------------------------- Captured stderr setup -----------------------------
Operation not permitted
_ ERROR at setup of TestCollectLiterature.test_http_errors_yield_empty_corpus __
.venv/lib/python3.14/site-packages/werkzeug/serving.py:759: in __init__
    self.server_bind()
/Users/4d/.local/share/uv/python/cpython-3.14.7-macos-aarch64-none/lib/python3.14/http/server.py:148: in server_bind
    socketserver.TCPServer.server_bind(self)
/Users/4d/.local/share/uv/python/cpython-3.14.7-macos-aarch64-none/lib/python3.14/socketserver.py:478: in server_bind
    self.socket.bind(self.server_address)
E   PermissionError: [Errno 1] Operation not permitted

During handling of the above exception, another exception occurred:
.venv/lib/python3.14/site-packages/pytest_httpserver/pytest_plugin.py:50: in make_httpserver
    server.start()
.venv/lib/python3.14/site-packages/pytest_httpserver/httpserver.py:764: in start
    self.server = make_server(
.venv/lib/python3.14/site-packages/werkzeug/serving.py:946: in make_server
    return BaseWSGIServer(
.venv/lib/python3.14/site-packages/werkzeug/serving.py:782: in __init__
    sys.exit(1)
E   SystemExit: 1
---------------------------- Captured stderr setup -----------------------------
Operation not permitted
_ ERROR at setup of TestCollectLiterature.test_malformed_payloads_yield_empty_corpus _
.venv/lib/python3.14/site-packages/werkzeug/serving.py:759: in __init__
    self.server_bind()
/Users/4d/.local/share/uv/python/cpython-3.14.7-macos-aarch64-none/lib/python3.14/http/server.py:148: in server_bind
    socketserver.TCPServer.server_bind(self)
/Users/4d/.local/share/uv/python/cpython-3.14.7-macos-aarch64-none/lib/python3.14/socketserver.py:478: in server_bind
    self.socket.bind(self.server_address)
E   PermissionError: [Errno 1] Operation not permitted

During handling of the above exception, another exception occurred:
.venv/lib/python3.14/site-packages/pytest_httpserver/pytest_plugin.py:50: in make_httpserver
    server.start()
.venv/lib/python3.14/site-packages/pytest_httpserver/httpserver.py:764: in start
    self.server = make_server(
.venv/lib/python3.14/site-packages/werkzeug/serving.py:946: in make_server
    return BaseWSGIServer(
.venv/lib/python3.14/site-packages/werkzeug/serving.py:782: in __init__
    sys.exit(1)
E   SystemExit: 1
---------------------------- Captured stderr setup -----------------------------
Operation not permitted
______ ERROR at setup of TestRunCompleteAnalysis.test_end_to_end_success _______
.venv/lib/python3.14/site-packages/werkzeug/serving.py:759: in __init__
    self.server_bind()
/Users/4d/.local/share/uv/python/cpython-3.14.7-macos-aarch64-none/lib/python3.14/http/server.py:148: in server_bind
    socketserver.TCPServer.server_bind(self)
/Users/4d/.local/share/uv/python/cpython-3.14.7-macos-aarch64-none/lib/python3.14/socketserver.py:478: in server_bind
    self.socket.bind(self.server_address)
E   PermissionError: [Errno 1] Operation not permitted

During handling of the above exception, another exception occurred:
.venv/lib/python3.14/site-packages/pytest_httpserver/pytest_plugin.py:50: in make_httpserver
    server.start()
.venv/lib/python3.14/site-packages/pytest_httpserver/httpserver.py:764: in start
    self.server = make_server(
.venv/lib/python3.14/site-packages/werkzeug/serving.py:946: in make_server
    return BaseWSGIServer(
.venv/lib/python3.14/site-packages/werkzeug/serving.py:782: in __init__
    sys.exit(1)
E   SystemExit: 1
---------------------------- Captured stderr setup -----------------------------
Operation not permitted
_ ERROR at setup of TestRunCompleteAnalysis.test_second_run_uses_cached_corpus _
.venv/lib/python3.14/site-packages/werkzeug/serving.py:759: in __init__
    self.server_bind()
/Users/4d/.local/share/uv/python/cpython-3.14.7-macos-aarch64-none/lib/python3.14/http/server.py:148: in server_bind
    socketserver.TCPServer.server_bind(self)
/Users/4d/.local/share/uv/python/cpython-3.14.7-macos-aarch64-none/lib/python3.14/socketserver.py:478: in server_bind
    self.socket.bind(self.server_address)
E   PermissionError: [Errno 1] Operation not permitted

During handling of the above exception, another exception occurred:
.venv/lib/python3.14/site-packages/pytest_httpserver/pytest_plugin.py:50: in make_httpserver
    server.start()
.venv/lib/python3.14/site-packages/pytest_httpserver/httpserver.py:764: in start
    self.server = make_server(
.venv/lib/python3.14/site-packages/werkzeug/serving.py:946: in make_server
    return BaseWSGIServer(
.venv/lib/python3.14/site-packages/werkzeug/serving.py:782: in __init__
    sys.exit(1)
E   SystemExit: 1
---------------------------- Captured stderr setup -----------------------------
Operation not permitted
_ ERROR at setup of TestRunCompleteAnalysis.test_corrupt_cached_corpus_raises __
.venv/lib/python3.14/site-packages/werkzeug/serving.py:759: in __init__
    self.server_bind()
/Users/4d/.local/share/uv/python/cpython-3.14.7-macos-aarch64-none/lib/python3.14/http/server.py:148: in server_bind
    socketserver.TCPServer.server_bind(self)
/Users/4d/.local/share/uv/python/cpython-3.14.7-macos-aarch64-none/lib/python3.14/socketserver.py:478: in server_bind
    self.socket.bind(self.server_address)
E   PermissionError: [Errno 1] Operation not permitted

During handling of the above exception, another exception occurred:
.venv/lib/python3.14/site-packages/pytest_httpserver/pytest_plugin.py:50: in make_httpserver
    server.start()
.venv/lib/python3.14/site-packages/pytest_httpserver/httpserver.py:764: in start
    self.server = make_server(
.venv/lib/python3.14/site-packages/werkzeug/serving.py:946: in make_server
    return BaseWSGIServer(
.venv/lib/python3.14/site-packages/werkzeug/serving.py:782: in __init__
    sys.exit(1)
E   SystemExit: 1
---------------------------- Captured stderr setup -----------------------------
Operation not permitted
_ ERROR at setup of TestFigureRegistrationFailure.test_run_completes_when_registry_unwritable _
.venv/lib/python3.14/site-packages/werkzeug/serving.py:759: in __init__
    self.server_bind()
/Users/4d/.local/share/uv/python/cpython-3.14.7-macos-aarch64-none/lib/python3.14/http/server.py:148: in server_bind
    socketserver.TCPServer.server_bind(self)
/Users/4d/.local/share/uv/python/cpython-3.14.7-macos-aarch64-none/lib/python3.14/socketserver.py:478: in server_bind
    self.socket.bind(self.server_address)
E   PermissionError: [Errno 1] Operation not permitted

During handling of the above exception, another exception occurred:
.venv/lib/python3.14/site-packages/pytest_httpserver/pytest_plugin.py:50: in make_httpserver
    server.start()
.venv/lib/python3.14/site-packages/pytest_httpserver/httpserver.py:764: in start
    self.server = make_server(
.venv/lib/python3.14/site-packages/werkzeug/serving.py:946: in make_server
    return BaseWSGIServer(
.venv/lib/python3.14/site-packages/werkzeug/serving.py:782: in __init__
    sys.exit(1)
E   SystemExit: 1
---------------------------- Captured stderr setup -----------------------------
Operation not permitted
______ ERROR at setup of TestMainEntryPoint.test_main_runs_full_pipeline _______
.venv/lib/python3.14/site-packages/werkzeug/serving.py:759: in __init__
    self.server_bind()
/Users/4d/.local/share/uv/python/cpython-3.14.7-macos-aarch64-none/lib/python3.14/http/server.py:148: in server_bind
    socketserver.TCPServer.server_bind(self)
/Users/4d/.local/share/uv/python/cpython-3.14.7-macos-aarch64-none/lib/python3.14/socketserver.py:478: in server_bind
    self.socket.bind(self.server_address)
E   PermissionError: [Errno 1] Operation not permitted

During handling of the above exception, another exception occurred:
.venv/lib/python3.14/site-packages/pytest_httpserver/pytest_plugin.py:50: in make_httpserver
    server.start()
.venv/lib/python3.14/site-packages/pytest_httpserver/httpserver.py:764: in start
    self.server = make_server(
.venv/lib/python3.14/site-packages/werkzeug/serving.py:946: in make_server
    return BaseWSGIServer(
.venv/lib/python3.14/site-packages/werkzeug/serving.py:782: in __init__
    sys.exit(1)
E   SystemExit: 1
---------------------------- Captured stderr setup -----------------------------
Operation not permitted
_____________ ERROR at setup of TestFetchOpenAlexWork.test_success _____________
.venv/lib/python3.14/site-packages/werkzeug/serving.py:759: in __init__
    self.server_bind()
/Users/4d/.local/share/uv/python/cpython-3.14.7-macos-aarch64-none/lib/python3.14/http/server.py:148: in server_bind
    socketserver.TCPServer.server_bind(self)
/Users/4d/.local/share/uv/python/cpython-3.14.7-macos-aarch64-none/lib/python3.14/socketserver.py:478: in server_bind
    self.socket.bind(self.server_address)
E   PermissionError: [Errno 1] Operation not permitted

During handling of the above exception, another exception occurred:
.venv/lib/python3.14/site-packages/pytest_httpserver/pytest_plugin.py:50: in make_httpserver
    server.start()
.venv/lib/python3.14/site-packages/pytest_httpserver/httpserver.py:764: in start
    self.server = make_server(
.venv/lib/python3.14/site-packages/werkzeug/serving.py:946: in make_server
    return BaseWSGIServer(
.venv/lib/python3.14/site-packages/werkzeug/serving.py:782: in __init__
    sys.exit(1)
E   SystemExit: 1
---------------------------- Captured stderr setup -----------------------------
Operation not permitted
________ ERROR at setup of TestFetchOpenAlexWork.test_404_returns_none _________
.venv/lib/python3.14/site-packages/werkzeug/serving.py:759: in __init__
    self.server_bind()
/Users/4d/.local/share/uv/python/cpython-3.14.7-macos-aarch64-none/lib/python3.14/http/server.py:148: in server_bind
    socketserver.TCPServer.server_bind(self)
/Users/4d/.local/share/uv/python/cpython-3.14.7-macos-aarch64-none/lib/python3.14/socketserver.py:478: in server_bind
    self.socket.bind(self.server_address)
E   PermissionError: [Errno 1] Operation not permitted

During handling of the above exception, another exception occurred:
.venv/lib/python3.14/site-packages/pytest_httpserver/pytest_plugin.py:50: in make_httpserver
    server.start()
.venv/lib/python3.14/site-packages/pytest_httpserver/httpserver.py:764: in start
    self.server = make_server(
.venv/lib/python3.14/site-packages/werkzeug/serving.py:946: in make_server
    return BaseWSGIServer(
.venv/lib/python3.14/site-packages/werkzeug/serving.py:782: in __init__
    sys.exit(1)
E   SystemExit: 1
---------------------------- Captured stderr setup -----------------------------
Operation not permitted
_ ERROR at setup of TestFetchOpenAlexWork.test_server_error_raises_after_retries _
.venv/lib/python3.14/site-packages/werkzeug/serving.py:759: in __init__
    self.server_bind()
/Users/4d/.local/share/uv/python/cpython-3.14.7-macos-aarch64-none/lib/python3.14/http/server.py:148: in server_bind
    socketserver.TCPServer.server_bind(self)
/Users/4d/.local/share/uv/python/cpython-3.14.7-macos-aarch64-none/lib/python3.14/socketserver.py:478: in server_bind
    self.socket.bind(self.server_address)
E   PermissionError: [Errno 1] Operation not permitted

During handling of the above exception, another exception occurred:
.venv/lib/python3.14/site-packages/pytest_httpserver/pytest_plugin.py:50: in make_httpserver
    server.start()
.venv/lib/python3.14/site-packages/pytest_httpserver/httpserver.py:764: in start
    self.server = make_server(
.venv/lib/python3.14/site-packages/werkzeug/serving.py:946: in make_server
    return BaseWSGIServer(
.venv/lib/python3.14/site-packages/werkzeug/serving.py:782: in __init__
    sys.exit(1)
E   SystemExit: 1
---------------------------- Captured stderr setup -----------------------------
Operation not permitted
_________ ERROR at setup of TestEnrichCorpus.test_enrich_writes_schema _________
.venv/lib/python3.14/site-packages/werkzeug/serving.py:759: in __init__
    self.server_bind()
/Users/4d/.local/share/uv/python/cpython-3.14.7-macos-aarch64-none/lib/python3.14/http/server.py:148: in server_bind
    socketserver.TCPServer.server_bind(self)
/Users/4d/.local/share/uv/python/cpython-3.14.7-macos-aarch64-none/lib/python3.14/socketserver.py:478: in server_bind
    self.socket.bind(self.server_address)
E   PermissionError: [Errno 1] Operation not permitted

During handling of the above exception, another exception occurred:
.venv/lib/python3.14/site-packages/pytest_httpserver/pytest_plugin.py:50: in make_httpserver
    server.start()
.venv/lib/python3.14/site-packages/pytest_httpserver/httpserver.py:764: in start
    self.server = make_server(
.venv/lib/python3.14/site-packages/werkzeug/serving.py:946: in make_server
    return BaseWSGIServer(
.venv/lib/python3.14/site-packages/werkzeug/serving.py:782: in __init__
    sys.exit(1)
E   SystemExit: 1
---------------------------- Captured stderr setup -----------------------------
Operation not permitted
___________ ERROR at setup of TestEnrichCorpus.test_enrich_resumable ___________
.venv/lib/python3.14/site-packages/werkzeug/serving.py:759: in __init__
    self.server_bind()
/Users/4d/.local/share/uv/python/cpython-3.14.7-macos-aarch64-none/lib/python3.14/http/server.py:148: in server_bind
    socketserver.TCPServer.server_bind(self)
/Users/4d/.local/share/uv/python/cpython-3.14.7-macos-aarch64-none/lib/python3.14/socketserver.py:478: in server_bind
    self.socket.bind(self.server_address)
E   PermissionError: [Errno 1] Operation not permitted

During handling of the above exception, another exception occurred:
.venv/lib/python3.14/site-packages/pytest_httpserver/pytest_plugin.py:50: in make_httpserver
    server.start()
.venv/lib/python3.14/site-packages/pytest_httpserver/httpserver.py:764: in start
    self.server = make_server(
.venv/lib/python3.14/site-packages/werkzeug/serving.py:946: in make_server
    return BaseWSGIServer(
.venv/lib/python3.14/site-packages/werkzeug/serving.py:782: in __init__
    sys.exit(1)
E   SystemExit: 1
---------------------------- Captured stderr setup -----------------------------
Operation not permitted
_____________ ERROR at setup of TestEnrichCorpus.test_enrich_limit _____________
.venv/lib/python3.14/site-packages/werkzeug/serving.py:759: in __init__
    self.server_bind()
/Users/4d/.local/share/uv/python/cpython-3.14.7-macos-aarch64-none/lib/python3.14/http/server.py:148: in server_bind
    socketserver.TCPServer.server_bind(self)
/Users/4d/.local/share/uv/python/cpython-3.14.7-macos-aarch64-none/lib/python3.14/socketserver.py:478: in server_bind
    self.socket.bind(self.server_address)
E   PermissionError: [Errno 1] Operation not permitted

During handling of the above exception, another exception occurred:
.venv/lib/python3.14/site-packages/pytest_httpserver/pytest_plugin.py:50: in make_httpserver
    server.start()
.venv/lib/python3.14/site-packages/pytest_httpserver/httpserver.py:764: in start
    self.server = make_server(
.venv/lib/python3.14/site-packages/werkzeug/serving.py:946: in make_server
    return BaseWSGIServer(
.venv/lib/python3.14/site-packages/werkzeug/serving.py:782: in __init__
    sys.exit(1)
E   SystemExit: 1
---------------------------- Captured stderr setup -----------------------------
Operation not permitted
____________ ERROR at setup of TestEnrichCorpus.test_enrich_dry_run ____________
.venv/lib/python3.14/site-packages/werkzeug/serving.py:759: in __init__
    self.server_bind()
/Users/4d/.local/share/uv/python/cpython-3.14.7-macos-aarch64-none/lib/python3.14/http/server.py:148: in server_bind
    socketserver.TCPServer.server_bind(self)
/Users/4d/.local/share/uv/python/cpython-3.14.7-macos-aarch64-none/lib/python3.14/socketserver.py:478: in server_bind
    self.socket.bind(self.server_address)
E   PermissionError: [Errno 1] Operation not permitted

During handling of the above exception, another exception occurred:
.venv/lib/python3.14/site-packages/pytest_httpserver/pytest_plugin.py:50: in make_httpserver
    server.start()
.venv/lib/python3.14/site-packages/pytest_httpserver/httpserver.py:764: in start
    self.server = make_server(
.venv/lib/python3.14/site-packages/werkzeug/serving.py:946: in make_server
    return BaseWSGIServer(
.venv/lib/python3.14/site-packages/werkzeug/serving.py:782: in __init__
    sys.exit(1)
E   SystemExit: 1
---------------------------- Captured stderr setup -----------------------------
Operation not permitted
____ ERROR at setup of TestEnrichCorpus.test_enrich_network_error_recorded _____
.venv/lib/python3.14/site-packages/werkzeug/serving.py:759: in __init__
    self.server_bind()
/Users/4d/.local/share/uv/python/cpython-3.14.7-macos-aarch64-none/lib/python3.14/http/server.py:148: in server_bind
    socketserver.TCPServer.server_bind(self)
/Users/4d/.local/share/uv/python/cpython-3.14.7-macos-aarch64-none/lib/python3.14/socketserver.py:478: in server_bind
    self.socket.bind(self.server_address)
E   PermissionError: [Errno 1] Operation not permitted

During handling of the above exception, another exception occurred:
.venv/lib/python3.14/site-packages/pytest_httpserver/pytest_plugin.py:50: in make_httpserver
    server.start()
.venv/lib/python3.14/site-packages/pytest_httpserver/httpserver.py:764: in start
    self.server = make_server(
.venv/lib/python3.14/site-packages/werkzeug/serving.py:946: in make_server
    return BaseWSGIServer(
.venv/lib/python3.14/site-packages/werkzeug/serving.py:782: in __init__
    sys.exit(1)
E   SystemExit: 1
---------------------------- Captured stderr setup -----------------------------
Operation not permitted
___ ERROR at setup of TestEnrichCorpus.test_error_entries_retried_on_resume ____
.venv/lib/python3.14/site-packages/werkzeug/serving.py:759: in __init__
    self.server_bind()
/Users/4d/.local/share/uv/python/cpython-3.14.7-macos-aarch64-none/lib/python3.14/http/server.py:148: in server_bind
    socketserver.TCPServer.server_bind(self)
/Users/4d/.local/share/uv/python/cpython-3.14.7-macos-aarch64-none/lib/python3.14/socketserver.py:478: in server_bind
    self.socket.bind(self.server_address)
E   PermissionError: [Errno 1] Operation not permitted

During handling of the above exception, another exception occurred:
.venv/lib/python3.14/site-packages/pytest_httpserver/pytest_plugin.py:50: in make_httpserver
    server.start()
.venv/lib/python3.14/site-packages/pytest_httpserver/httpserver.py:764: in start
    self.server = make_server(
.venv/lib/python3.14/site-packages/werkzeug/serving.py:946: in make_server
    return BaseWSGIServer(
.venv/lib/python3.14/site-packages/werkzeug/serving.py:782: in __init__
    sys.exit(1)
E   SystemExit: 1
---------------------------- Captured stderr setup -----------------------------
Operation not permitted
_ ERROR at setup of TestHarvest.test_harvest_filters_dedupes_and_preserves_rank _
.venv/lib/python3.14/site-packages/werkzeug/serving.py:759: in __init__
    self.server_bind()
/Users/4d/.local/share/uv/python/cpython-3.14.7-macos-aarch64-none/lib/python3.14/http/server.py:148: in server_bind
    socketserver.TCPServer.server_bind(self)
/Users/4d/.local/share/uv/python/cpython-3.14.7-macos-aarch64-none/lib/python3.14/socketserver.py:478: in server_bind
    self.socket.bind(self.server_address)
E   PermissionError: [Errno 1] Operation not permitted

During handling of the above exception, another exception occurred:
.venv/lib/python3.14/site-packages/pytest_httpserver/pytest_plugin.py:50: in make_httpserver
    server.start()
.venv/lib/python3.14/site-packages/pytest_httpserver/httpserver.py:764: in start
    self.server = make_server(
.venv/lib/python3.14/site-packages/werkzeug/serving.py:946: in make_server
    return BaseWSGIServer(
.venv/lib/python3.14/site-packages/werkzeug/serving.py:782: in __init__
    sys.exit(1)
E   SystemExit: 1
---------------------------- Captured stderr setup -----------------------------
Operation not permitted
__________ ERROR at setup of TestHarvest.test_harvest_stops_at_target __________
.venv/lib/python3.14/site-packages/werkzeug/serving.py:759: in __init__
    self.server_bind()
/Users/4d/.local/share/uv/python/cpython-3.14.7-macos-aarch64-none/lib/python3.14/http/server.py:148: in server_bind
    socketserver.TCPServer.server_bind(self)
/Users/4d/.local/share/uv/python/cpython-3.14.7-macos-aarch64-none/lib/python3.14/socketserver.py:478: in server_bind
    self.socket.bind(self.server_address)
E   PermissionError: [Errno 1] Operation not permitted

During handling of the above exception, another exception occurred:
.venv/lib/python3.14/site-packages/pytest_httpserver/pytest_plugin.py:50: in make_httpserver
    server.start()
.venv/lib/python3.14/site-packages/pytest_httpserver/httpserver.py:764: in start
    self.server = make_server(
.venv/lib/python3.14/site-packages/werkzeug/serving.py:946: in make_server
    return BaseWSGIServer(
.venv/lib/python3.14/site-packages/werkzeug/serving.py:782: in __init__
    sys.exit(1)
E   SystemExit: 1
---------------------------- Captured stderr setup -----------------------------
Operation not permitted
_____ ERROR at setup of TestHarvest.test_harvest_skips_empty_body_records ______
.venv/lib/python3.14/site-packages/werkzeug/serving.py:759: in __init__
    self.server_bind()
/Users/4d/.local/share/uv/python/cpython-3.14.7-macos-aarch64-none/lib/python3.14/http/server.py:148: in server_bind
    socketserver.TCPServer.server_bind(self)
/Users/4d/.local/share/uv/python/cpython-3.14.7-macos-aarch64-none/lib/python3.14/socketserver.py:478: in server_bind
    self.socket.bind(self.server_address)
E   PermissionError: [Errno 1] Operation not permitted

During handling of the above exception, another exception occurred:
.venv/lib/python3.14/site-packages/pytest_httpserver/pytest_plugin.py:50: in make_httpserver
    server.start()
.venv/lib/python3.14/site-packages/pytest_httpserver/httpserver.py:764: in start
    self.server = make_server(
.venv/lib/python3.14/site-packages/werkzeug/serving.py:946: in make_server
    return BaseWSGIServer(
.venv/lib/python3.14/site-packages/werkzeug/serving.py:782: in __init__
    sys.exit(1)
E   SystemExit: 1
---------------------------- Captured stderr setup -----------------------------
Operation not permitted
__ ERROR at setup of TestHarvest.test_search_uses_relevance_sorted_pmc_query ___
.venv/lib/python3.14/site-packages/werkzeug/serving.py:759: in __init__
    self.server_bind()
/Users/4d/.local/share/uv/python/cpython-3.14.7-macos-aarch64-none/lib/python3.14/http/server.py:148: in server_bind
    socketserver.TCPServer.server_bind(self)
/Users/4d/.local/share/uv/python/cpython-3.14.7-macos-aarch64-none/lib/python3.14/socketserver.py:478: in server_bind
    self.socket.bind(self.server_address)
E   PermissionError: [Errno 1] Operation not permitted

During handling of the above exception, another exception occurred:
.venv/lib/python3.14/site-packages/pytest_httpserver/pytest_plugin.py:50: in make_httpserver
    server.start()
.venv/lib/python3.14/site-packages/pytest_httpserver/httpserver.py:764: in start
    self.server = make_server(
.venv/lib/python3.14/site-packages/werkzeug/serving.py:946: in make_server
    return BaseWSGIServer(
.venv/lib/python3.14/site-packages/werkzeug/serving.py:782: in __init__
    sys.exit(1)
E   SystemExit: 1
---------------------------- Captured stderr setup -----------------------------
Operation not permitted
_ ERROR at setup of TestHarvestSharded.test_resume_harvests_only_missing_pmcids _
.venv/lib/python3.14/site-packages/werkzeug/serving.py:759: in __init__
    self.server_bind()
/Users/4d/.local/share/uv/python/cpython-3.14.7-macos-aarch64-none/lib/python3.14/http/server.py:148: in server_bind
    socketserver.TCPServer.server_bind(self)
/Users/4d/.local/share/uv/python/cpython-3.14.7-macos-aarch64-none/lib/python3.14/socketserver.py:478: in server_bind
    self.socket.bind(self.server_address)
E   PermissionError: [Errno 1] Operation not permitted

During handling of the above exception, another exception occurred:
.venv/lib/python3.14/site-packages/pytest_httpserver/pytest_plugin.py:50: in make_httpserver
    server.start()
.venv/lib/python3.14/site-packages/pytest_httpserver/httpserver.py:764: in start
    self.server = make_server(
.venv/lib/python3.14/site-packages/werkzeug/serving.py:946: in make_server
    return BaseWSGIServer(
.venv/lib/python3.14/site-packages/werkzeug/serving.py:782: in __init__
    sys.exit(1)
E   SystemExit: 1
---------------------------- Captured stderr setup -----------------------------
Operation not permitted
_ ERROR at setup of TestHarvestSharded.test_resume_skips_fetch_for_fully_known_batch _
.venv/lib/python3.14/site-packages/werkzeug/serving.py:759: in __init__
    self.server_bind()
/Users/4d/.local/share/uv/python/cpython-3.14.7-macos-aarch64-none/lib/python3.14/http/server.py:148: in server_bind
    socketserver.TCPServer.server_bind(self)
/Users/4d/.local/share/uv/python/cpython-3.14.7-macos-aarch64-none/lib/python3.14/socketserver.py:478: in server_bind
    self.socket.bind(self.server_address)
E   PermissionError: [Errno 1] Operation not permitted

During handling of the above exception, another exception occurred:
.venv/lib/python3.14/site-packages/pytest_httpserver/pytest_plugin.py:50: in make_httpserver
    server.start()
.venv/lib/python3.14/site-packages/pytest_httpserver/httpserver.py:764: in start
    self.server = make_server(
.venv/lib/python3.14/site-packages/werkzeug/serving.py:946: in make_server
    return BaseWSGIServer(
.venv/lib/python3.14/site-packages/werkzeug/serving.py:782: in __init__
    sys.exit(1)
E   SystemExit: 1
---------------------------- Captured stderr setup -----------------------------
Operation not permitted
_ ERROR at setup of TestHarvestSharded.test_migrates_legacy_single_file_corpus _
.venv/lib/python3.14/site-packages/werkzeug/serving.py:759: in __init__
    self.server_bind()
/Users/4d/.local/share/uv/python/cpython-3.14.7-macos-aarch64-none/lib/python3.14/http/server.py:148: in server_bind
    socketserver.TCPServer.server_bind(self)
/Users/4d/.local/share/uv/python/cpython-3.14.7-macos-aarch64-none/lib/python3.14/socketserver.py:478: in server_bind
    self.socket.bind(self.server_address)
E   PermissionError: [Errno 1] Operation not permitted

During handling of the above exception, another exception occurred:
.venv/lib/python3.14/site-packages/pytest_httpserver/pytest_plugin.py:50: in make_httpserver
    server.start()
.venv/lib/python3.14/site-packages/pytest_httpserver/httpserver.py:764: in start
    self.server = make_server(
.venv/lib/python3.14/site-packages/werkzeug/serving.py:946: in make_server
    return BaseWSGIServer(
.venv/lib/python3.14/site-packages/werkzeug/serving.py:782: in __init__
    sys.exit(1)
E   SystemExit: 1
---------------------------- Captured stderr setup -----------------------------
Operation not permitted
_ ERROR at setup of TestHarvestSharded.test_main_end_to_end_removes_legacy_file _
.venv/lib/python3.14/site-packages/werkzeug/serving.py:759: in __init__
    self.server_bind()
/Users/4d/.local/share/uv/python/cpython-3.14.7-macos-aarch64-none/lib/python3.14/http/server.py:148: in server_bind
    socketserver.TCPServer.server_bind(self)
/Users/4d/.local/share/uv/python/cpython-3.14.7-macos-aarch64-none/lib/python3.14/socketserver.py:478: in server_bind
    self.socket.bind(self.server_address)
E   PermissionError: [Errno 1] Operation not permitted

During handling of the above exception, another exception occurred:
.venv/lib/python3.14/site-packages/pytest_httpserver/pytest_plugin.py:50: in make_httpserver
    server.start()
.venv/lib/python3.14/site-packages/pytest_httpserver/httpserver.py:764: in start
    self.server = make_server(
.venv/lib/python3.14/site-packages/werkzeug/serving.py:946: in make_server
    return BaseWSGIServer(
.venv/lib/python3.14/site-packages/werkzeug/serving.py:782: in __init__
    sys.exit(1)
E   SystemExit: 1
---------------------------- Captured stderr setup -----------------------------
Operation not permitted
=================================== FAILURES ===================================
__ TestPlotStatisticalAnalysisFontFloor.test_all_text_artists_meet_font_floor __
tests/test_statistical_analysis_figure.py:213: in test_all_text_artists_meet_font_floor
    plot_statistical_analysis(stats_artifact, "/tmp/unused_psa")
src/visualization/_style.py:122: in wrapper
    return func(*args, **kwargs)
           ^^^^^^^^^^^^^^^^^^^^^
src/visualization/statistical_visualization.py:1221: in plot_statistical_analysis
    save_and_verify(fig, filepath, dpi=300)
src/visualization/_style.py:146: in save_and_verify
    fig.savefig(path, dpi=dpi, bbox_inches="tight")
.venv/lib/python3.14/site-packages/matplotlib/figure.py:3490: in savefig
    self.canvas.print_figure(fname, **kwargs)
.venv/lib/python3.14/site-packages/matplotlib/backend_bases.py:2186: in print_figure
    result = print_method(
.venv/lib/python3.14/site-packages/matplotlib/backend_bases.py:2042: in <lambda>
    print_method = functools.wraps(meth)(lambda *args, **kwargs: meth(
.venv/lib/python3.14/site-packages/matplotlib/backends/backend_agg.py:481: in print_png
    self._print_pil(filename_or_obj, "png", pil_kwargs, metadata)
.venv/lib/python3.14/site-packages/matplotlib/backends/backend_agg.py:430: in _print_pil
    mpl.image.imsave(
.venv/lib/python3.14/site-packages/matplotlib/image.py:1657: in imsave
    image.save(fname, **pil_kwargs)
.venv/lib/python3.14/site-packages/PIL/Image.py:2566: in save
    fp = builtins.open(filename, "w+b")
         ^^^^^^^^^^^^^^^^^^^^^^^^^^^^^^
E   PermissionError: [Errno 1] Operation not permitted: '/tmp/unused_psa/statistical_analysis.png'
________ TestPlotStatisticalAnalysisPanels.test_entropy_bars_annotate_n ________
tests/test_statistical_analysis_figure.py:238: in test_entropy_bars_annotate_n
    plot_statistical_analysis(stats_artifact, "/tmp/unused_psa")
src/visualization/_style.py:122: in wrapper
    return func(*args, **kwargs)
           ^^^^^^^^^^^^^^^^^^^^^
src/visualization/statistical_visualization.py:1221: in plot_statistical_analysis
    save_and_verify(fig, filepath, dpi=300)
src/visualization/_style.py:146: in save_and_verify
    fig.savefig(path, dpi=dpi, bbox_inches="tight")
.venv/lib/python3.14/site-packages/matplotlib/figure.py:3490: in savefig
    self.canvas.print_figure(fname, **kwargs)
.venv/lib/python3.14/site-packages/matplotlib/backend_bases.py:2186: in print_figure
    result = print_method(
.venv/lib/python3.14/site-packages/matplotlib/backend_bases.py:2042: in <lambda>
    print_method = functools.wraps(meth)(lambda *args, **kwargs: meth(
.venv/lib/python3.14/site-packages/matplotlib/backends/backend_agg.py:481: in print_png
    self._print_pil(filename_or_obj, "png", pil_kwargs, metadata)
.venv/lib/python3.14/site-packages/matplotlib/backends/backend_agg.py:430: in _print_pil
    mpl.image.imsave(
.venv/lib/python3.14/site-packages/matplotlib/image.py:1657: in imsave
    image.save(fname, **pil_kwargs)
.venv/lib/python3.14/site-packages/PIL/Image.py:2566: in save
    fp = builtins.open(filename, "w+b")
         ^^^^^^^^^^^^^^^^^^^^^^^^^^^^^^
E   PermissionError: [Errno 1] Operation not permitted: '/tmp/unused_psa/statistical_analysis.png'
___ TestPlotStatisticalAnalysisPanels.test_effect_sizes_significance_coding ____
tests/test_statistical_analysis_figure.py:265: in test_effect_sizes_significance_coding
    plot_statistical_analysis(stats_artifact, "/tmp/unused_psa")
src/visualization/_style.py:122: in wrapper
    return func(*args, **kwargs)
           ^^^^^^^^^^^^^^^^^^^^^
src/visualization/statistical_visualization.py:1221: in plot_statistical_analysis
    save_and_verify(fig, filepath, dpi=300)
src/visualization/_style.py:146: in save_and_verify
    fig.savefig(path, dpi=dpi, bbox_inches="tight")
.venv/lib/python3.14/site-packages/matplotlib/figure.py:3490: in savefig
    self.canvas.print_figure(fname, **kwargs)
.venv/lib/python3.14/site-packages/matplotlib/backend_bases.py:2186: in print_figure
    result = print_method(
.venv/lib/python3.14/site-packages/matplotlib/backend_bases.py:2042: in <lambda>
    print_method = functools.wraps(meth)(lambda *args, **kwargs: meth(
.venv/lib/python3.14/site-packages/matplotlib/backends/backend_agg.py:481: in print_png
    self._print_pil(filename_or_obj, "png", pil_kwargs, metadata)
.venv/lib/python3.14/site-packages/matplotlib/backends/backend_agg.py:430: in _print_pil
    mpl.image.imsave(
.venv/lib/python3.14/site-packages/matplotlib/image.py:1657: in imsave
    image.save(fname, **pil_kwargs)
.venv/lib/python3.14/site-packages/PIL/Image.py:2566: in save
    fp = builtins.open(filename, "w+b")
         ^^^^^^^^^^^^^^^^^^^^^^^^^^^^^^
E   PermissionError: [Errno 1] Operation not permitted: '/tmp/unused_psa/statistical_analysis.png'
___ TestPlotStatisticalAnalysisPanels.test_effect_sizes_show_cohens_d_values ___
tests/test_statistical_analysis_figure.py:286: in test_effect_sizes_show_cohens_d_values
    plot_statistical_analysis(stats_artifact, "/tmp/unused_psa")
src/visualization/_style.py:122: in wrapper
    return func(*args, **kwargs)
           ^^^^^^^^^^^^^^^^^^^^^
src/visualization/statistical_visualization.py:1221: in plot_statistical_analysis
    save_and_verify(fig, filepath, dpi=300)
src/visualization/_style.py:146: in save_and_verify
    fig.savefig(path, dpi=dpi, bbox_inches="tight")
.venv/lib/python3.14/site-packages/matplotlib/figure.py:3490: in savefig
    self.canvas.print_figure(fname, **kwargs)
.venv/lib/python3.14/site-packages/matplotlib/backend_bases.py:2186: in print_figure
    result = print_method(
.venv/lib/python3.14/site-packages/matplotlib/backend_bases.py:2042: in <lambda>
    print_method = functools.wraps(meth)(lambda *args, **kwargs: meth(
.venv/lib/python3.14/site-packages/matplotlib/backends/backend_agg.py:481: in print_png
    self._print_pil(filename_or_obj, "png", pil_kwargs, metadata)
.venv/lib/python3.14/site-packages/matplotlib/backends/backend_agg.py:430: in _print_pil
    mpl.image.imsave(
.venv/lib/python3.14/site-packages/matplotlib/image.py:1657: in imsave
    image.save(fname, **pil_kwargs)
.venv/lib/python3.14/site-packages/PIL/Image.py:2566: in save
    fp = builtins.open(filename, "w+b")
         ^^^^^^^^^^^^^^^^^^^^^^^^^^^^^^
E   PermissionError: [Errno 1] Operation not permitted: '/tmp/unused_psa/statistical_analysis.png'
______ TestPlotStatisticalAnalysisPanels.test_anova_summary_panel_content ______
tests/test_statistical_analysis_figure.py:299: in test_anova_summary_panel_content
    plot_statistical_analysis(stats_artifact, "/tmp/unused_psa")
src/visualization/_style.py:122: in wrapper
    return func(*args, **kwargs)
           ^^^^^^^^^^^^^^^^^^^^^
src/visualization/statistical_visualization.py:1221: in plot_statistical_analysis
    save_and_verify(fig, filepath, dpi=300)
src/visualization/_style.py:146: in save_and_verify
    fig.savefig(path, dpi=dpi, bbox_inches="tight")
.venv/lib/python3.14/site-packages/matplotlib/figure.py:3490: in savefig
    self.canvas.print_figure(fname, **kwargs)
.venv/lib/python3.14/site-packages/matplotlib/backend_bases.py:2186: in print_figure
    result = print_method(
.venv/lib/python3.14/site-packages/matplotlib/backend_bases.py:2042: in <lambda>
    print_method = functools.wraps(meth)(lambda *args, **kwargs: meth(
.venv/lib/python3.14/site-packages/matplotlib/backends/backend_agg.py:481: in print_png
    self._print_pil(filename_or_obj, "png", pil_kwargs, metadata)
.venv/lib/python3.14/site-packages/matplotlib/backends/backend_agg.py:430: in _print_pil
    mpl.image.imsave(
.venv/lib/python3.14/site-packages/matplotlib/image.py:1657: in imsave
    image.save(fname, **pil_kwargs)
.venv/lib/python3.14/site-packages/PIL/Image.py:2566: in save
    fp = builtins.open(filename, "w+b")
         ^^^^^^^^^^^^^^^^^^^^^^^^^^^^^^
E   PermissionError: [Errno 1] Operation not permitted: '/tmp/unused_psa/statistical_analysis.png'
_______ TestPlotStatisticalAnalysisPanels.test_legend_codes_significance _______
tests/test_statistical_analysis_figure.py:321: in test_legend_codes_significance
    plot_statistical_analysis(stats_artifact, "/tmp/unused_psa")
src/visualization/_style.py:122: in wrapper
    return func(*args, **kwargs)
           ^^^^^^^^^^^^^^^^^^^^^
src/visualization/statistical_visualization.py:1221: in plot_statistical_analysis
    save_and_verify(fig, filepath, dpi=300)
src/visualization/_style.py:146: in save_and_verify
    fig.savefig(path, dpi=dpi, bbox_inches="tight")
.venv/lib/python3.14/site-packages/matplotlib/figure.py:3490: in savefig
    self.canvas.print_figure(fname, **kwargs)
.venv/lib/python3.14/site-packages/matplotlib/backend_bases.py:2186: in print_figure
    result = print_method(
.venv/lib/python3.14/site-packages/matplotlib/backend_bases.py:2042: in <lambda>
    print_method = functools.wraps(meth)(lambda *args, **kwargs: meth(
.venv/lib/python3.14/site-packages/matplotlib/backends/backend_agg.py:481: in print_png
    self._print_pil(filename_or_obj, "png", pil_kwargs, metadata)
.venv/lib/python3.14/site-packages/matplotlib/backends/backend_agg.py:430: in _print_pil
    mpl.image.imsave(
.venv/lib/python3.14/site-packages/matplotlib/image.py:1657: in imsave
    image.save(fname, **pil_kwargs)
.venv/lib/python3.14/site-packages/PIL/Image.py:2566: in save
    fp = builtins.open(filename, "w+b")
         ^^^^^^^^^^^^^^^^^^^^^^^^^^^^^^
E   PermissionError: [Errno 1] Operation not permitted: '/tmp/unused_psa/statistical_analysis.png'
=============================== warnings summary ===============================
tests/integration/test_full_pipeline.py::TestFullPipeline::test_domain_analysis_pipeline
  /Volumes/GitVault/Username/docxology/Public/ento_linguistics/.venv/lib/python3.14/site-packages/joblib/externals/loky/backend/context.py:131: UserWarning: Could not find the number of physical cores for the following reason:
  invalid literal for int() with base 10: ''
  Returning the number of logical cores instead. You can silence this warning by setting LOKY_MAX_CPU_COUNT to the number of cores you want to use.
    warnings.warn(

tests/test_bhl_checkpoints.py::test_checkpointed_build_matches_independent_literal_counts
tests/test_bhl_checkpoints.py::test_changed_era_does_not_reuse_its_checkpoint
tests/test_bhl_checkpoints.py::test_tampered_completed_era_fails_instead_of_certifying_it
tests/test_bhl_checkpoints.py::test_development_checkpoint_cannot_satisfy_full_default
  /Volumes/GitVault/Username/docxology/Public/ento_linguistics/.venv/lib/python3.14/site-packages/sklearn/base.py:1336: ConvergenceWarning: Number of distinct clusters (3) found smaller than n_clusters (4). Possibly due to duplicate points in X.
    return fit_method(estimator, *args, **kwargs)

tests/test_bhl_checkpoints.py::test_checkpointed_build_matches_independent_literal_counts
tests/test_bhl_checkpoints.py::test_changed_era_does_not_reuse_its_checkpoint
tests/test_bhl_checkpoints.py::test_tampered_completed_era_fails_instead_of_certifying_it
tests/test_bhl_checkpoints.py::test_development_checkpoint_cannot_satisfy_full_default
  /Volumes/GitVault/Username/docxology/Public/ento_linguistics/.venv/lib/python3.14/site-packages/sklearn/base.py:1336: ConvergenceWarning: Number of distinct clusters (2) found smaller than n_clusters (4). Possibly due to duplicate points in X.
    return fit_method(estimator, *args, **kwargs)

tests/test_bhl_checkpoints.py::test_checkpointed_build_matches_independent_literal_counts
tests/test_bhl_checkpoints.py::test_changed_era_does_not_reuse_its_checkpoint
tests/test_bhl_checkpoints.py::test_tampered_completed_era_fails_instead_of_certifying_it
tests/test_bhl_checkpoints.py::test_development_checkpoint_cannot_satisfy_full_default
  /Volumes/GitVault/Username/docxology/Public/ento_linguistics/.venv/lib/python3.14/site-packages/sklearn/base.py:1336: ConvergenceWarning: Number of distinct clusters (1) found smaller than n_clusters (3). Possibly due to duplicate points in X.
    return fit_method(estimator, *args, **kwargs)

tests/test_bhl_checkpoints.py::test_checkpointed_build_matches_independent_literal_counts
tests/test_bhl_checkpoints.py::test_changed_era_does_not_reuse_its_checkpoint
tests/test_bhl_checkpoints.py::test_tampered_completed_era_fails_instead_of_certifying_it
tests/test_bhl_checkpoints.py::test_development_checkpoint_cannot_satisfy_full_default
  /Volumes/GitVault/Username/docxology/Public/ento_linguistics/.venv/lib/python3.14/site-packages/sklearn/base.py:1336: ConvergenceWarning: Number of distinct clusters (2) found smaller than n_clusters (3). Possibly due to duplicate points in X.
    return fit_method(estimator, *args, **kwargs)

tests/test_bhl_checkpoints.py::test_checkpointed_build_matches_independent_literal_counts
tests/test_bhl_checkpoints.py::test_changed_era_does_not_reuse_its_checkpoint
tests/test_bhl_checkpoints.py::test_tampered_completed_era_fails_instead_of_certifying_it
tests/test_bhl_checkpoints.py::test_development_checkpoint_cannot_satisfy_full_default
  /Volumes/GitVault/Username/docxology/Public/ento_linguistics/.venv/lib/python3.14/site-packages/sklearn/base.py:1336: ConvergenceWarning: Number of distinct clusters (4) found smaller than n_clusters (5). Possibly due to duplicate points in X.
    return fit_method(estimator, *args, **kwargs)

tests/test_domain_figures.py: 11 warnings
  /Volumes/GitVault/Username/docxology/Public/ento_linguistics/src/pipeline/domain_figures.py:267: MatplotlibDeprecationWarning:
  
  The get_cmap function was deprecated in Matplotlib 3.7 and will be removed in 3.11. Use ``matplotlib.colormaps[name]`` or ``matplotlib.colormaps.get_cmap()`` or ``pyplot.get_cmap()`` instead.

tests/test_domain_figures.py: 10 warnings
  /Volumes/GitVault/Username/docxology/Public/ento_linguistics/src/pipeline/domain_figures.py:341: MatplotlibDeprecationWarning:
  
  The get_cmap function was deprecated in Matplotlib 3.7 and will be removed in 3.11. Use ``matplotlib.colormaps[name]`` or ``matplotlib.colormaps.get_cmap()`` or ``pyplot.get_cmap()`` instead.

tests/test_fulltext_pipeline.py: 20 warnings
  /Volumes/GitVault/Username/docxology/Public/ento_linguistics/.venv/lib/python3.14/site-packages/sklearn/base.py:1336: ConvergenceWarning:
  
  Number of distinct clusters (1) found smaller than n_clusters (3). Possibly due to duplicate points in X.

tests/test_fulltext_pipeline.py: 20 warnings
  /Volumes/GitVault/Username/docxology/Public/ento_linguistics/.venv/lib/python3.14/site-packages/sklearn/base.py:1336: ConvergenceWarning:
  
  Number of distinct clusters (2) found smaller than n_clusters (3). Possibly due to duplicate points in X.

tests/test_metrics.py::TestCalculateConsistency::test_zero_variance_is_nan
  /Volumes/GitVault/Username/docxology/Public/ento_linguistics/.venv/lib/python3.14/site-packages/numpy/lib/_function_base_impl.py:3065: RuntimeWarning:
  
  invalid value encountered in divide

tests/test_metrics.py::TestCalculateConsistency::test_zero_variance_is_nan
  /Volumes/GitVault/Username/docxology/Public/ento_linguistics/.venv/lib/python3.14/site-packages/numpy/lib/_function_base_impl.py:3066: RuntimeWarning:
  
  invalid value encountered in divide

-- Docs: https://docs.pytest.org/en/stable/how-to/capture-warnings.html
================================ tests coverage ================================
_______________ coverage: platform darwin, python 3.14.7-final-0 _______________

Name                                             Stmts   Miss Branch BrPart   Cover   Missing
---------------------------------------------------------------------------------------------
src/analysis/cace_scoring.py                        97      5     14      1  94.59%   235, 242-247
src/analysis/conceptual_mapping.py                 361     15    152      7  95.32%   373-377, 447, 527, 569->571, 571->573, 637, 644, 670-679, 937-939, 970-979
src/analysis/discourse_analysis.py                  91      2     28      4  94.96%   100, 107, 123->114, 244->243
src/analysis/discourse_patterns.py                  68      0     26      0 100.00%
src/analysis/domain_analysis.py                    348     40    120     12  85.04%   127, 129, 149->148, 650, 654, 673-678, 828, 1120, 1138-1189, 1222->1230, 1259-1262, 1295-1296, 1330-1331, 1353
src/analysis/performance.py                        111      0     44      1  99.35%   103->107
src/analysis/persuasive_analysis.py                153      3     64      3  97.24%   370, 454, 478
src/analysis/rhetorical_analysis.py                128      3     56      4  96.20%   152, 290, 303->305, 322
src/analysis/semantic_entropy.py                    60      5      6      1  90.91%   167, 207-218
src/analysis/statistics.py                         157      6     60      6  94.47%   69, 205, 238, 294, 319, 352
src/analysis/term_extraction.py                    192      1    100      5  97.95%   52->exit, 132->134, 667->666, 698->697, 764
src/analysis/text_analysis.py                      128      3     52      5  95.56%   79, 157->164, 238->242, 415, 421
src/core/exceptions.py                               9      0      0      0 100.00%
src/core/logging.py                                 51      0     18      0 100.00%
src/core/manuscript_variables.py                   329      3    124      8  97.57%   520->522, 523->527, 532->529, 539->541, 545->547, 637, 645, 663
src/core/metrics.py                                140      4     52      3  96.35%   156, 161-163, 182->186
src/core/nltk_resources.py                          62      5     28     10  83.33%   31, 34->39, 36->34, 40, 49, 52->57, 54->52, 58, 74->73, 76
src/core/parallel.py                                20      2      6      1  88.46%   54, 68
src/core/parameters.py                             123      1     52      3  97.71%   92, 310->exit, 333->exit
src/core/provenance.py                              86      1     34      1  98.33%   105
src/core/validation.py                             148     10     38      3  91.94%   85-98, 363-371, 418->420
src/core/validation_utils.py                       111     32     10      1  71.07%   80-82, 98-99, 115-122, 143-144, 163-164, 178-190, 211-212, 216-223, 251-252, 256, 265-269
src/data/arxiv_corpus.py                           194    117     68      5  35.88%   76, 81-82, 132-158, 164-209, 221-223, 241->247, 244->243, 248->256, 253->250, 330-433, 478
src/data/bhl_corpus.py                             490    169    152     12  61.84%   263, 274-277, 329, 439, 449-461, 499-500, 587-626, 638-643, 659-669, 706-845, 927, 984, 1060-1061, 1125, 1227->1229, 1265->1272, 1305->1315, 1469-1479, 1503-1540
src/data/data_generator.py                          28      0     14      0 100.00%
src/data/data_processing.py                        141      0     78      0 100.00%
src/data/literature_mining.py                      368    162    138      6  52.17%   32-33, 159->161, 168->156, 282-322, 349-363, 384-408, 425-472, 563-577, 675-720, 849-853, 896-951
src/data/loader.py                                  61      2     22      2  95.18%   109, 111
src/data/openalex_enrichment.py                    100     55     24      0  39.52%   71, 76-77, 122-140, 198-263
src/data/pmc_fulltext.py                           357    162    116     14  50.95%   220->219, 222->227, 225->224, 239-241, 379, 401, 411->408, 427->425, 429-436, 458, 467-468, 472, 501, 540-542, 560-580, 594-605, 617-625, 652-680, 716-831, 900-914, 937->939, 987, 1091-1135
src/pipeline/arxiv_analysis.py                      58      0      8      1  98.48%   194->196
src/pipeline/bhl_analysis.py                       233      7     84      6  95.27%   278, 295->294, 388->390, 593-595, 601, 624-633
src/pipeline/bhl_artifact.py                        68      0     22      0 100.00%
src/pipeline/conceptual_mapping_pipeline.py        197      2     56      3  98.02%   305->314, 315->325, 358-359
src/pipeline/corpus_audit.py                        70     27     28      3  59.18%   38, 55->59, 58, 81-99, 110-125
src/pipeline/corpus_build.py                       203    125     52      3  33.33%   49, 67-69, 103-111, 124, 223-236, 258-338, 438, 464-548
src/pipeline/discourse_pipeline.py                 124      0     28      3  98.03%   292->315, 316->345, 328->345
src/pipeline/domain_analysis_pipeline.py           160      6     32      2  95.83%   421-424, 571-573
src/pipeline/domain_figures.py                     247     16     64      9  91.96%   108-109, 156, 209->213, 215->219, 223->227, 229->232, 259-260, 312-313, 374-375, 474-475, 571-572, 609-611
src/pipeline/fulltext_pipeline.py                  164      3     62      3  97.35%   352, 487, 492
src/pipeline/literature_pipeline.py                223    140     36      2  35.91%   111-197, 214-217, 255-262, 283->280, 298-315, 326-334, 348-365, 376-384, 399-518, 661-712
src/pipeline/rendering.py                          340     89     86      5  74.65%   19-20, 62-63, 268-274, 285-286, 308->307, 311->316, 421-422, 498-657
src/pipeline/reporting.py                          205      5     86      0  98.28%   18, 75-76, 86-87
src/pipeline/simulation.py                         150      5     36      0  97.31%   32-33, 108, 120, 132
src/pipeline/statistics_pipeline.py                302     10    128     10  95.35%   290, 383->385, 403, 405, 529, 534->540, 544, 581-584, 614, 686->680
src/visualization/_style.py                         36      1      6      1  95.24%   149
src/visualization/concept_visualization.py         747     41    238     22  92.99%   34-36, 117-124, 153->152, 295->301, 389-396, 420->419, 439-440, 457->469, 528, 627-629, 879, 884-886, 1090-1091, 1168->1172, 1230-1235, 1324, 1328->1326, 1357, 1360->1354, 1543->1557, 1579->1603, 1609->1625, 1654-1660, 1780->1779
src/visualization/figure_manager.py                 93      1     28      2  97.52%   101, 190->196
src/visualization/manuscript_figures.py            859    190    240     53  75.71%   27-28, 39-42, 48-51, 71, 82, 85-90, 95, 112, 131-135, 220->219, 233->232, 277->276, 370-371, 404-405, 430-431, 458-459, 505->508, 509-514, 539->526, 543-547, 556-557, 588->594, 606-607, 648-649, 720-721, 781-782, 904-905, 936-937, 967-968, 1068-1069, 1402->1396, 1416-1419, 1450, 1473-1484, 1497-1505, 1556-1557, 1573-1574, 1601-1603, 1637, 1647-1652, 1695-1696, 1754-1765, 1779, 1792-1799, 1813-1814, 1817-1818, 1822-1834, 1840-1855, 1869, 1882, 1905-1906, 1924-1925, 1942-1944, 1947-2010, 2015-2018, 2028-2029, 2032->2035, 2036->2039, 2040->2043, 2044->2047, 2048->2051, 2052->2055, 2056->2059, 2060->2063, 2064->2067, 2068->2071, 2072->2075, 2113, 2123-2124, 2132-2135
src/visualization/plots.py                         167      0     52      0 100.00%
src/visualization/statistical_visualization.py     559      7    154     18  96.49%   91->137, 177->223, 187->192, 668->685, 687->700, 702->715, 717->737, 739->763, 1025->1044, 1031-1032, 1037-1038, 1041, 1043, 1063, 1183->1185, 1192->1197, 1580->1585, 1582->1580, 1585->1590
src/visualization/visualization.py                  79      2     34      0  98.23%   21-22
---------------------------------------------------------------------------------------------
TOTAL                                             9996   1485   3256    264  83.74%
FAIL Required test coverage of 90.0% not reached. Total coverage: 83.74%
=========================== short test summary info ============================
FAILED tests/test_statistical_analysis_figure.py::TestPlotStatisticalAnalysisFontFloor::test_all_text_artists_meet_font_floor
FAILED tests/test_statistical_analysis_figure.py::TestPlotStatisticalAnalysisPanels::test_entropy_bars_annotate_n
FAILED tests/test_statistical_analysis_figure.py::TestPlotStatisticalAnalysisPanels::test_effect_sizes_significance_coding
FAILED tests/test_statistical_analysis_figure.py::TestPlotStatisticalAnalysisPanels::test_effect_sizes_show_cohens_d_values
FAILED tests/test_statistical_analysis_figure.py::TestPlotStatisticalAnalysisPanels::test_anova_summary_panel_content
FAILED tests/test_statistical_analysis_figure.py::TestPlotStatisticalAnalysisPanels::test_legend_codes_significance
ERROR tests/test_arxiv_corpus.py::TestEnrichedArXivMiner::test_search_full_parses_arxiv_fields
ERROR tests/test_arxiv_corpus.py::TestEnrichedArXivMiner::test_category_fallback
ERROR tests/test_arxiv_corpus.py::TestEnrichedArXivMiner::test_error_returns_empty
ERROR tests/test_arxiv_corpus.py::TestHarvest::test_harvest_writes_records_and_provenance
ERROR tests/test_arxiv_corpus.py::TestHarvest::test_harvest_dedupes_internally
ERROR tests/test_arxiv_corpus.py::TestHarvest::test_harvest_resumable - Syste...
ERROR tests/test_arxiv_corpus.py::TestHarvest::test_harvest_dry_run_writes_nothing
ERROR tests/test_arxiv_corpus.py::TestHarvest::test_harvest_target_cap - Syst...
ERROR tests/test_bhl_corpus.py::TestSearchInside::test_pages_filters_and_params
ERROR tests/test_bhl_corpus.py::TestSearchInside::test_stops_at_api_page_cap
ERROR tests/test_bhl_corpus.py::TestSearchInside::test_api_error_raises_without_leaking_key
ERROR tests/test_bhl_corpus.py::TestPartAndItemResolution::test_part_resolves_to_item
ERROR tests/test_bhl_corpus.py::TestPartAndItemResolution::test_item_stub_from_ia_source
ERROR tests/test_bhl_corpus.py::TestPartAndItemResolution::test_non_ia_item_yields_no_stub
ERROR tests/test_bhl_corpus.py::TestCollectSearchInsideCandidates::test_merge_dedupe_and_cap
ERROR tests/test_bhl_corpus.py::TestCollectSearchInsideCandidates::test_cap_truncates_highest_relevance
ERROR tests/test_bhl_corpus.py::TestCollectSearchInsideCandidates::test_resume_skips_enumerated_terms
ERROR tests/test_bhl_corpus.py::TestKeyedHarvestMerge::test_harvest_sharded_merges_keyed_stubs
ERROR tests/test_corpus_build.py::TestFetchAbstractsForQuery::test_returns_abstracts
ERROR tests/test_corpus_build.py::TestFetchAbstractsForQuery::test_skips_publications_without_abstract
ERROR tests/test_corpus_build.py::TestMain::test_fetch_mode_merges_into_existing_corpus
ERROR tests/test_corpus_build.py::TestMain::test_force_preserves_existing_records
ERROR tests/test_corpus_build.py::TestMain::test_grow_appends_records_and_updates_provenance
ERROR tests/test_corpus_build.py::TestMain::test_grow_is_idempotent - SystemE...
ERROR tests/test_literature_mining.py::TestPubMedMiner::test_search_success
ERROR tests/test_literature_mining.py::TestPubMedMiner::test_search_error_handling
ERROR tests/test_literature_mining.py::TestPubMedMiner::test_fetch_publications_success
ERROR tests/test_literature_mining.py::TestPubMedMiner::test_fetch_publications_parse_error
ERROR tests/test_literature_mining.py::TestPubMedMiner::test_search_caching
ERROR tests/test_literature_mining.py::TestPubMedMiner::test_search_json_decode_error
ERROR tests/test_literature_mining.py::TestPubMedMiner::test_search_unexpected_response_format
ERROR tests/test_literature_mining.py::TestArXivMiner::test_search_success - ...
ERROR tests/test_literature_mining.py::TestArXivMiner::test_search_error_handling
ERROR tests/test_literature_mining.py::TestArXivMiner::test_search_invalid_xml
ERROR tests/test_literature_mining.py::TestMineEntomologyLiteratureWithServer::test_with_httpserver
ERROR tests/test_literature_mining.py::TestPubMedMinerParsing::test_fetch_batch_abstracts_xml_parsing
ERROR tests/test_literature_mining.py::TestPubMedMinerUncoveredPaths::test_search_returns_empty_on_non_200_status
ERROR tests/test_literature_mining.py::TestPubMedMinerUncoveredPaths::test_search_without_cache_does_not_store
ERROR tests/test_literature_mining.py::TestPubMedMinerUncoveredPaths::test_search_invalid_utf8_response
ERROR tests/test_literature_mining.py::TestPubMedMinerUncoveredPaths::test_fetch_publications_merges_efetch_abstracts
ERROR tests/test_literature_mining.py::TestPubMedMinerUncoveredPaths::test_fetch_batch_summaries_skips_unparseable_entries
ERROR tests/test_literature_mining.py::TestArXivMinerUncoveredPaths::test_search_skips_unparseable_entries
ERROR tests/test_literature_mining.py::TestMineEntomologyLiteratureEdgePaths::test_empty_pubmed_and_unrelated_arxiv_results
ERROR tests/test_literature_mining.py::TestMineCorpusGrowth::test_since_pdat_appends_date_window_to_every_query
ERROR tests/test_literature_mining.py::TestMineCorpusGrowth::test_exclude_sets_skip_known_records
ERROR tests/test_literature_pipeline.py::TestCollectLiterature::test_mines_and_saves_corpus
ERROR tests/test_literature_pipeline.py::TestCollectLiterature::test_uses_cache_when_present
ERROR tests/test_literature_pipeline.py::TestCollectLiterature::test_http_errors_yield_empty_corpus
ERROR tests/test_literature_pipeline.py::TestCollectLiterature::test_malformed_payloads_yield_empty_corpus
ERROR tests/test_literature_pipeline.py::TestRunCompleteAnalysis::test_end_to_end_success
ERROR tests/test_literature_pipeline.py::TestRunCompleteAnalysis::test_second_run_uses_cached_corpus
ERROR tests/test_literature_pipeline.py::TestRunCompleteAnalysis::test_corrupt_cached_corpus_raises
ERROR tests/test_literature_pipeline.py::TestFigureRegistrationFailure::test_run_completes_when_registry_unwritable
ERROR tests/test_literature_pipeline.py::TestMainEntryPoint::test_main_runs_full_pipeline
ERROR tests/test_openalex_enrichment.py::TestFetchOpenAlexWork::test_success
ERROR tests/test_openalex_enrichment.py::TestFetchOpenAlexWork::test_404_returns_none
ERROR tests/test_openalex_enrichment.py::TestFetchOpenAlexWork::test_server_error_raises_after_retries
ERROR tests/test_openalex_enrichment.py::TestEnrichCorpus::test_enrich_writes_schema
ERROR tests/test_openalex_enrichment.py::TestEnrichCorpus::test_enrich_resumable
ERROR tests/test_openalex_enrichment.py::TestEnrichCorpus::test_enrich_limit
ERROR tests/test_openalex_enrichment.py::TestEnrichCorpus::test_enrich_dry_run
ERROR tests/test_openalex_enrichment.py::TestEnrichCorpus::test_enrich_network_error_recorded
ERROR tests/test_openalex_enrichment.py::TestEnrichCorpus::test_error_entries_retried_on_resume
ERROR tests/test_pmc_fulltext.py::TestHarvest::test_harvest_filters_dedupes_and_preserves_rank
ERROR tests/test_pmc_fulltext.py::TestHarvest::test_harvest_stops_at_target
ERROR tests/test_pmc_fulltext.py::TestHarvest::test_harvest_skips_empty_body_records
ERROR tests/test_pmc_fulltext.py::TestHarvest::test_search_uses_relevance_sorted_pmc_query
ERROR tests/test_pmc_fulltext.py::TestHarvestSharded::test_resume_harvests_only_missing_pmcids
ERROR tests/test_pmc_fulltext.py::TestHarvestSharded::test_resume_skips_fetch_for_fully_known_batch
ERROR tests/test_pmc_fulltext.py::TestHarvestSharded::test_migrates_legacy_single_file_corpus
ERROR tests/test_pmc_fulltext.py::TestHarvestSharded::test_main_end_to_end_removes_legacy_file
= 6 failed, 1727 passed, 8 skipped, 84 warnings, 71 errors in 555.90s (0:09:15) =
exit=1
